/*
 Navicat Premium Data Transfer

 Source Server         : lvshihao
 Source Server Type    : MySQL
 Source Server Version : 80030
 Source Host           : localhost:3306
 Source Schema         : lvshihao

 Target Server Type    : MySQL
 Target Server Version : 80030
 File Encoding         : 65001

 Date: 01/01/2025 21:06:39
*/

SET NAMES utf8mb4;
SET FOREIGN_KEY_CHECKS = 0;

-- ----------------------------
-- Table structure for sys_dict_data
-- ----------------------------
DROP TABLE IF EXISTS `sys_dict_data`;
CREATE TABLE `sys_dict_data`  (
  `dict_data_id` bigint NOT NULL AUTO_INCREMENT COMMENT 'ID',
  `dict_type_id` varchar(100) CHARACTER SET utf8mb4 COLLATE utf8mb4_bin NOT NULL COMMENT '配置项ID',
  `value` varchar(100) CHARACTER SET utf8mb4 COLLATE utf8mb4_bin NOT NULL COMMENT '配置值',
  `description` varchar(500) CHARACTER SET utf8mb4 COLLATE utf8mb4_bin NULL DEFAULT NULL COMMENT '配置描述',
  `sort` int NOT NULL COMMENT '排序',
  `extra` json NULL COMMENT '额外参数',
  `status` tinyint NOT NULL DEFAULT 0 COMMENT '状态（0正常 1停用）',
  `remark` varchar(500) CHARACTER SET utf8mb4 COLLATE utf8mb4_bin NULL DEFAULT NULL COMMENT '备注',
  `creator` varchar(64) CHARACTER SET utf8mb4 COLLATE utf8mb4_bin NULL DEFAULT NULL COMMENT '创建者',
  `create_time` datetime NOT NULL COMMENT '创建时间',
  `updater` varchar(64) CHARACTER SET utf8mb4 COLLATE utf8mb4_bin NULL DEFAULT NULL COMMENT '更新者',
  `update_time` datetime NOT NULL COMMENT '更新时间',
  `deleted` bit(1) NOT NULL DEFAULT b'0' COMMENT '是否删除',
  PRIMARY KEY (`dict_data_id`) USING BTREE
) ENGINE = InnoDB AUTO_INCREMENT = 90 CHARACTER SET = utf8mb4 COLLATE = utf8mb4_bin COMMENT = '字典配置值' ROW_FORMAT = Dynamic;

-- ----------------------------
-- Records of sys_dict_data
-- ----------------------------
INSERT INTO `sys_dict_data` VALUES (2, '22', 'junchenmo', '个人信息', 10, NULL, 0, NULL, 'admin', '2024-12-06 18:32:15', NULL, '2024-12-06 18:32:15', b'1');
INSERT INTO `sys_dict_data` VALUES (14, '25', '0', '字符串', 10, '{}', 0, NULL, 'admin', '2024-12-12 14:01:34', NULL, '2024-12-12 14:01:34', b'1');
INSERT INTO `sys_dict_data` VALUES (15, '25', '0', '字符串', 10, '{}', 0, NULL, 'admin', '2024-12-12 14:04:04', NULL, '2024-12-12 14:04:04', b'0');
INSERT INTO `sys_dict_data` VALUES (16, '25', '1', '整数', 20, '{}', 0, NULL, 'admin', '2024-12-12 14:04:24', NULL, '2024-12-12 14:04:24', b'0');
INSERT INTO `sys_dict_data` VALUES (17, '25', '2', '小数', 30, '{}', 0, NULL, 'admin', '2024-12-12 14:04:42', NULL, '2024-12-12 14:04:42', b'0');
INSERT INTO `sys_dict_data` VALUES (18, '25', '3', '布尔值', 40, '{}', 0, NULL, 'admin', '2024-12-12 14:05:12', NULL, '2024-12-12 14:05:12', b'0');
INSERT INTO `sys_dict_data` VALUES (19, '25', '4', '颜色', 50, '{}', 0, NULL, 'admin', '2024-12-12 14:05:30', NULL, '2024-12-12 14:05:30', b'0');
INSERT INTO `sys_dict_data` VALUES (20, '26', '0', '正常', 10, '{}', 0, NULL, 'admin', '2024-12-12 15:17:53', NULL, '2024-12-12 15:17:53', b'1');
INSERT INTO `sys_dict_data` VALUES (21, '26', '1', '停用', 20, '{}', 0, NULL, 'admin', '2024-12-12 15:18:22', NULL, '2024-12-12 15:18:22', b'1');
INSERT INTO `sys_dict_data` VALUES (22, '27', '11', '测试用', 10, '{\"status\": \"true\"}', 0, NULL, 'admin', '2024-12-13 17:13:41', 'admin', '2024-12-13 18:56:21', b'1');
INSERT INTO `sys_dict_data` VALUES (25, '24', 'color', '颜色', 10, '{\"type\": \"4\"}', 0, NULL, 'admin', '2024-12-14 21:24:46', NULL, '2024-12-14 21:24:46', b'0');
INSERT INTO `sys_dict_data` VALUES (26, '24', 'disabled', '禁用状态', 20, '{\"type\": \"3\"}', 0, NULL, 'admin', '2024-12-14 21:25:58', NULL, '2024-12-14 21:25:58', b'0');
INSERT INTO `sys_dict_data` VALUES (27, '24', 'type', '类型', 30, '{\"type\": \"0\"}', 0, NULL, 'admin', '2024-12-14 21:26:43', NULL, '2024-12-14 21:26:43', b'0');
INSERT INTO `sys_dict_data` VALUES (28, '24', 'icon', '图标', 40, '{\"type\": \"0\"}', 0, NULL, 'admin', '2024-12-14 21:27:11', NULL, '2024-12-14 21:27:11', b'0');
INSERT INTO `sys_dict_data` VALUES (29, '24', 'style', '类样式', 50, '{\"type\": \"0\"}', 0, NULL, 'admin', '2024-12-14 21:28:23', NULL, '2024-12-14 21:28:23', b'0');
INSERT INTO `sys_dict_data` VALUES (30, '24', 'label', '标签', 60, '{\"type\": \"0\"}', 0, NULL, 'admin', '2024-12-14 21:29:01', NULL, '2024-12-14 21:29:01', b'0');
INSERT INTO `sys_dict_data` VALUES (41, '35', '0', '目录', 10, '{\"label\": \"目录\"}', 0, NULL, 'admin', '2024-12-25 10:47:35', NULL, '2024-12-25 10:47:35', b'0');
INSERT INTO `sys_dict_data` VALUES (42, '35', '1', '菜单', 20, '{\"label\": \"菜单\"}', 0, NULL, 'admin', '2024-12-25 10:47:58', NULL, '2024-12-25 10:47:58', b'0');
INSERT INTO `sys_dict_data` VALUES (43, '35', '2', '按钮', 30, '{\"label\": \"按钮\"}', 0, NULL, 'admin', '2024-12-25 10:48:22', NULL, '2024-12-25 10:48:22', b'0');
INSERT INTO `sys_dict_data` VALUES (46, '36', 'login_tokens:', '用户信息', 1, '{}', 0, NULL, 'admin', '2024-12-25 16:49:06', NULL, '2024-12-25 16:49:06', b'0');
INSERT INTO `sys_dict_data` VALUES (47, '36', 'captcha_codes:', '验证码', 2, '{}', 0, NULL, 'admin', '2024-12-25 16:49:59', NULL, '2024-12-25 16:49:59', b'0');
INSERT INTO `sys_dict_data` VALUES (48, '36', 'sys_dict_data:', '字典数据', 3, '{}', 0, NULL, 'admin', '2024-12-25 16:50:32', NULL, '2024-12-25 16:50:32', b'0');
INSERT INTO `sys_dict_data` VALUES (49, '36', 'pwd_err_cnt:', '密码错误次数', 4, '{}', 0, NULL, 'admin', '2024-12-25 17:39:04', NULL, '2024-12-25 17:39:04', b'0');
INSERT INTO `sys_dict_data` VALUES (51, '38', 'bigint', 'bigint', 1, '{}', 0, NULL, 'admin', '2024-12-31 18:15:01', 'admin', '2025-01-01 12:42:27', b'0');
INSERT INTO `sys_dict_data` VALUES (52, '38', 'binary', 'binary', 2, '{}', 0, NULL, 'admin', '2024-12-31 18:19:28', 'admin', '2025-01-01 12:42:27', b'0');
INSERT INTO `sys_dict_data` VALUES (53, '38', 'bit', 'bit', 3, '{}', 0, NULL, 'admin', '2024-12-31 18:19:36', 'admin', '2025-01-01 12:42:27', b'0');
INSERT INTO `sys_dict_data` VALUES (54, '38', 'blob', 'blob', 4, '{}', 0, NULL, 'admin', '2024-12-31 18:19:50', 'admin', '2025-01-01 12:42:27', b'0');
INSERT INTO `sys_dict_data` VALUES (55, '38', 'char', 'char', 5, '{}', 0, NULL, 'admin', '2024-12-31 18:20:00', 'admin', '2025-01-01 12:42:27', b'0');
INSERT INTO `sys_dict_data` VALUES (56, '38', 'date', 'date', 6, '{}', 0, NULL, 'admin', '2024-12-31 18:20:17', 'admin', '2025-01-01 12:42:27', b'0');
INSERT INTO `sys_dict_data` VALUES (57, '38', 'datetime', 'datetime', 7, '{}', 0, NULL, 'admin', '2024-12-31 18:21:04', 'admin', '2025-01-01 12:42:27', b'0');
INSERT INTO `sys_dict_data` VALUES (58, '38', 'decimal', 'decimal', 8, '{}', 0, NULL, 'admin', '2024-12-31 18:21:14', 'admin', '2025-01-01 12:42:27', b'0');
INSERT INTO `sys_dict_data` VALUES (59, '38', 'double', 'double', 9, '{}', 0, NULL, 'admin', '2024-12-31 18:21:23', 'admin', '2025-01-01 12:42:27', b'0');
INSERT INTO `sys_dict_data` VALUES (60, '38', 'enum', 'enum', 10, '{}', 0, NULL, 'admin', '2024-12-31 18:21:38', 'admin', '2025-01-01 12:42:27', b'0');
INSERT INTO `sys_dict_data` VALUES (61, '38', 'float', 'float', 11, '{}', 0, NULL, 'admin', '2024-12-31 18:21:52', 'admin', '2025-01-01 12:42:27', b'0');
INSERT INTO `sys_dict_data` VALUES (62, '38', 'geometry', 'geometry', 12, '{}', 0, NULL, 'admin', '2024-12-31 18:22:07', 'admin', '2025-01-01 12:42:27', b'0');
INSERT INTO `sys_dict_data` VALUES (63, '38', 'geometrycollection', 'geometrycollection', 13, '{}', 0, NULL, 'admin', '2024-12-31 18:23:05', 'admin', '2025-01-01 12:42:27', b'0');
INSERT INTO `sys_dict_data` VALUES (64, '38', 'int', 'int', 14, '{}', 0, NULL, 'admin', '2024-12-31 18:23:28', 'admin', '2025-01-01 12:42:27', b'0');
INSERT INTO `sys_dict_data` VALUES (65, '38', 'integer', 'integer', 15, '{}', 0, NULL, 'admin', '2024-12-31 18:23:38', 'admin', '2025-01-01 12:42:27', b'0');
INSERT INTO `sys_dict_data` VALUES (66, '38', 'json', 'json', 16, '{}', 0, NULL, 'admin', '2024-12-31 18:23:48', 'admin', '2025-01-01 12:42:27', b'0');
INSERT INTO `sys_dict_data` VALUES (67, '38', 'linestring', 'linestring', 17, '{}', 0, NULL, 'admin', '2024-12-31 18:23:57', 'admin', '2025-01-01 12:42:27', b'0');
INSERT INTO `sys_dict_data` VALUES (68, '38', 'longblob', 'longblob', 18, '{}', 0, NULL, 'admin', '2024-12-31 18:25:35', 'admin', '2025-01-01 12:42:27', b'0');
INSERT INTO `sys_dict_data` VALUES (69, '38', 'longtext', 'longtext', 19, '{}', 0, NULL, 'admin', '2024-12-31 18:25:47', 'admin', '2025-01-01 12:42:27', b'0');
INSERT INTO `sys_dict_data` VALUES (70, '38', 'mediumblob', 'mediumblob', 20, '{}', 0, NULL, 'admin', '2024-12-31 18:25:57', 'admin', '2025-01-01 12:42:27', b'0');
INSERT INTO `sys_dict_data` VALUES (71, '38', 'mediumint', 'mediumint', 21, '{}', 0, NULL, 'admin', '2024-12-31 18:26:04', 'admin', '2025-01-01 12:42:27', b'0');
INSERT INTO `sys_dict_data` VALUES (72, '38', 'mediumtext', 'mediumtext', 22, '{}', 0, NULL, 'admin', '2024-12-31 18:26:11', 'admin', '2025-01-01 12:42:27', b'0');
INSERT INTO `sys_dict_data` VALUES (73, '38', 'multilinestring', 'multilinestring', 23, '{}', 0, NULL, 'admin', '2024-12-31 18:27:01', 'admin', '2025-01-01 12:42:27', b'0');
INSERT INTO `sys_dict_data` VALUES (74, '38', 'multipoint', 'multipoint', 24, '{}', 0, NULL, 'admin', '2024-12-31 18:27:08', 'admin', '2025-01-01 12:42:27', b'0');
INSERT INTO `sys_dict_data` VALUES (75, '38', 'multipolygon', 'multipolygon', 25, '{}', 0, NULL, 'admin', '2024-12-31 18:27:16', 'admin', '2025-01-01 12:42:27', b'0');
INSERT INTO `sys_dict_data` VALUES (76, '38', 'numeric', 'numeric', 26, '{}', 0, NULL, 'admin', '2024-12-31 18:27:24', 'admin', '2025-01-01 12:42:27', b'0');
INSERT INTO `sys_dict_data` VALUES (77, '38', 'point', 'point', 27, '{}', 0, NULL, 'admin', '2024-12-31 18:27:32', 'admin', '2025-01-01 12:42:27', b'0');
INSERT INTO `sys_dict_data` VALUES (78, '38', 'polygon', 'polygon', 28, '{}', 0, NULL, 'admin', '2024-12-31 18:28:13', 'admin', '2025-01-01 12:42:27', b'0');
INSERT INTO `sys_dict_data` VALUES (79, '38', 'real', 'real', 29, '{}', 0, NULL, 'admin', '2024-12-31 18:28:21', 'admin', '2025-01-01 12:42:27', b'0');
INSERT INTO `sys_dict_data` VALUES (80, '38', 'set', 'set', 30, '{}', 0, NULL, 'admin', '2024-12-31 18:28:30', 'admin', '2025-01-01 12:42:27', b'0');
INSERT INTO `sys_dict_data` VALUES (81, '38', 'smallint', 'smallint', 31, '{}', 0, NULL, 'admin', '2024-12-31 18:28:40', 'admin', '2025-01-01 12:42:27', b'0');
INSERT INTO `sys_dict_data` VALUES (82, '38', 'text', 'text', 32, '{}', 0, NULL, 'admin', '2024-12-31 18:28:48', 'admin', '2025-01-01 12:42:27', b'0');
INSERT INTO `sys_dict_data` VALUES (83, '38', 'time', 'time', 33, '{}', 0, NULL, 'admin', '2024-12-31 18:28:55', 'admin', '2025-01-01 12:42:27', b'0');
INSERT INTO `sys_dict_data` VALUES (84, '38', 'timestamp', 'timestamp', 34, '{}', 0, NULL, 'admin', '2024-12-31 18:29:42', 'admin', '2025-01-01 12:42:27', b'0');
INSERT INTO `sys_dict_data` VALUES (85, '38', 'tinyblob', 'tinyblob', 35, '{}', 0, NULL, 'admin', '2024-12-31 18:29:52', 'admin', '2025-01-01 12:42:27', b'0');
INSERT INTO `sys_dict_data` VALUES (86, '38', 'tinyint', 'tinyint', 36, '{}', 0, NULL, 'admin', '2024-12-31 18:29:59', 'admin', '2025-01-01 12:42:27', b'0');
INSERT INTO `sys_dict_data` VALUES (87, '38', 'tinytext', 'tinytext', 37, '{}', 0, NULL, 'admin', '2024-12-31 18:30:07', 'admin', '2025-01-01 12:42:27', b'0');
INSERT INTO `sys_dict_data` VALUES (88, '38', 'varbinary', 'varbinary', 38, '{}', 0, NULL, 'admin', '2024-12-31 18:30:20', 'admin', '2025-01-01 12:42:27', b'0');
INSERT INTO `sys_dict_data` VALUES (89, '38', 'varchar', 'varchar', 39, '{}', 0, NULL, 'admin', '2024-12-31 18:30:30', 'admin', '2025-01-01 12:42:27', b'0');
INSERT INTO `sys_dict_data` VALUES (90, '38', 'year', 'year', 40, '{}', 0, NULL, 'admin', '2024-12-31 18:30:37', 'admin', '2025-01-01 12:42:27', b'0');
INSERT INTO `sys_dict_data` VALUES (91, '36', 'aiTable:', 'AI表结构请求', 5, '{}', 0, NULL, 'admin', '2025-01-01 17:03:54', 'admin', '2025-01-01 17:05:05', b'0');

-- ----------------------------
-- Table structure for sys_dict_type
-- ----------------------------
DROP TABLE IF EXISTS `sys_dict_type`;
CREATE TABLE `sys_dict_type`  (
  `dict_type_id` bigint NOT NULL AUTO_INCREMENT COMMENT 'ID',
  `name` varchar(100) CHARACTER SET utf8mb4 COLLATE utf8mb4_bin NULL DEFAULT NULL COMMENT '配置项',
  `type` tinyint NULL DEFAULT NULL COMMENT '配置值类型（0:字符串,1:整数,2:小数,3:布尔值,4:颜色）',
  `extra_schema` varchar(255) CHARACTER SET utf8mb4 COLLATE utf8mb4_bin NULL DEFAULT NULL COMMENT '额外配置定义',
  `description` varchar(500) CHARACTER SET utf8mb4 COLLATE utf8mb4_bin NULL DEFAULT NULL COMMENT '配置描述',
  `creator` varchar(64) CHARACTER SET utf8mb4 COLLATE utf8mb4_bin NULL DEFAULT NULL COMMENT '创建人',
  `status` tinyint NOT NULL DEFAULT 0 COMMENT '状态（0正常 1停用）',
  `remark` varchar(500) CHARACTER SET utf8mb4 COLLATE utf8mb4_bin NULL DEFAULT NULL COMMENT '备注',
  `create_time` datetime NULL DEFAULT NULL COMMENT '创建时间',
  `updater` varchar(64) CHARACTER SET utf8mb4 COLLATE utf8mb4_bin NULL DEFAULT NULL COMMENT '修改人',
  `update_time` datetime NULL DEFAULT NULL COMMENT '修改时间',
  `deleted` bit(1) NOT NULL DEFAULT b'0' COMMENT '删除标识(0未删除，1已经删除)',
  PRIMARY KEY (`dict_type_id`) USING BTREE
) ENGINE = InnoDB AUTO_INCREMENT = 38 CHARACTER SET = utf8mb4 COLLATE = utf8mb4_bin COMMENT = '字典配置项' ROW_FORMAT = Dynamic;

-- ----------------------------
-- Records of sys_dict_type
-- ----------------------------
INSERT INTO `sys_dict_type` VALUES (1, 'hostType', 0, NULL, '主机类型', NULL, 0, NULL, '2024-10-31 21:20:34', NULL, '2024-10-31 21:20:37', b'1');
INSERT INTO `sys_dict_type` VALUES (2, 'hostData', 0, NULL, '测试', NULL, 1, NULL, '2024-10-31 21:31:25', NULL, '2024-10-31 21:31:28', b'1');
INSERT INTO `sys_dict_type` VALUES (4, 'ceshi', 0, NULL, '测试', 'admin', 0, NULL, '2024-11-01 16:28:19', NULL, '2024-11-01 16:28:19', b'1');
INSERT INTO `sys_dict_type` VALUES (7, 'status', 3, NULL, '状态', 'admin', 0, NULL, '2024-11-01 16:34:54', NULL, '2024-11-01 16:34:54', b'1');
INSERT INTO `sys_dict_type` VALUES (11, 'status1', 3, NULL, '状态', 'admin', 0, NULL, '2024-11-01 16:42:52', NULL, '2024-11-01 16:42:52', b'1');
INSERT INTO `sys_dict_type` VALUES (12, '测试', 0, NULL, 'ceshi', 'admin', 0, NULL, '2024-11-02 20:26:38', NULL, '2024-11-02 20:26:38', b'1');
INSERT INTO `sys_dict_type` VALUES (13, '22', 0, NULL, '33', 'admin', 0, NULL, '2024-11-23 16:48:19', NULL, '2024-11-23 16:48:19', b'1');
INSERT INTO `sys_dict_type` VALUES (14, '23', 0, NULL, '555', 'admin', 0, NULL, '2024-11-24 20:30:32', NULL, '2024-11-24 20:30:32', b'1');
INSERT INTO `sys_dict_type` VALUES (16, 'hidden', 3, NULL, '隐藏参数', 'admin', 0, NULL, '2024-11-28 17:22:35', NULL, '2024-11-28 17:22:35', b'1');
INSERT INTO `sys_dict_type` VALUES (17, 'outher', 0, NULL, '作者', 'admin', 0, NULL, '2024-11-28 17:26:09', NULL, '2024-11-28 17:26:09', b'1');
INSERT INTO `sys_dict_type` VALUES (22, 'lvshihao', 0, NULL, 'info', 'admin', 0, NULL, '2024-12-01 09:45:53', NULL, '2024-12-01 09:45:53', b'1');
INSERT INTO `sys_dict_type` VALUES (23, 'tag', 4, '[{\"parameter\":\"height\",\"type\":\"0\"},{\"parameter\":\"whide\",\"type\":\"0\"}]', 'tag颜色', 'admin', 0, NULL, '2024-12-07 10:26:59', NULL, '2024-12-07 10:26:59', b'1');
INSERT INTO `sys_dict_type` VALUES (24, 'extrasDefaultTag', 0, '[{\"parameter\":\"type\",\"type\":\"0\"}]', '额外默认配置项标签', 'admin', 0, NULL, '2024-12-11 10:47:07', NULL, '2024-12-11 10:47:07', b'0');
INSERT INTO `sys_dict_type` VALUES (25, 'extrasDefaultStatus', 1, '[]', '扩展项配置状态', 'admin', 0, NULL, '2024-12-12 14:01:04', NULL, '2024-12-12 14:01:04', b'0');
INSERT INTO `sys_dict_type` VALUES (26, 'dataListStatus', 0, '[]', '数据列表状态', 'admin', 0, NULL, '2024-12-12 15:17:15', NULL, '2024-12-12 15:17:15', b'1');
INSERT INTO `sys_dict_type` VALUES (27, 'ceshi', 0, '[{\"parameter\":\"status\",\"type\":\"0\"}]', '测试用', 'admin', 0, NULL, '2024-12-13 16:31:14', 'admin', '2024-12-13 18:56:21', b'1');
INSERT INTO `sys_dict_type` VALUES (28, 'ceshi', 0, '[{\"parameter\":\"status\",\"type\":\"3\"},{\"parameter\":\"color\",\"type\":\"4\"}]', '测试', 'admin', 0, NULL, '2024-12-14 14:58:56', 'admin', '2024-12-14 17:29:49', b'1');
INSERT INTO `sys_dict_type` VALUES (29, 'ceshi2', 0, '[]', '测试2', 'admin', 0, NULL, '2024-12-14 19:16:12', NULL, '2024-12-14 19:16:12', b'1');
INSERT INTO `sys_dict_type` VALUES (35, 'menuType', 0, '[{\"parameter\":\"label\",\"type\":\"0\"}]', '菜单类型', 'admin', 0, NULL, '2024-12-25 10:46:55', NULL, '2024-12-25 10:46:55', b'0');
INSERT INTO `sys_dict_type` VALUES (36, 'RedisCacheKey', 0, '[]', 'Redis缓存所用到的Key', 'admin', 0, NULL, '2024-12-25 16:46:51', 'admin', '2024-12-25 16:48:25', b'0');
INSERT INTO `sys_dict_type` VALUES (38, 'mysqlType', 0, '[]', '表生成器的类型可选项', 'admin', 0, NULL, '2024-12-31 18:14:00', 'admin', '2025-01-01 12:42:27', b'0');

-- ----------------------------
-- Table structure for sys_menu
-- ----------------------------
DROP TABLE IF EXISTS `sys_menu`;
CREATE TABLE `sys_menu`  (
  `menu_id` bigint NOT NULL AUTO_INCREMENT COMMENT '菜单ID',
  `name` varchar(50) CHARACTER SET utf8mb4 COLLATE utf8mb4_bin NOT NULL COMMENT '菜单名称',
  `parent_id` bigint NOT NULL COMMENT '父菜单ID',
  `sort` int NOT NULL COMMENT '显示顺序',
  `component` varchar(255) CHARACTER SET utf8mb4 COLLATE utf8mb4_bin NULL DEFAULT NULL COMMENT '组件',
  `link` varchar(200) CHARACTER SET utf8mb4 COLLATE utf8mb4_bin NULL DEFAULT NULL COMMENT '外联地址',
  `is_frame` bit(1) NULL DEFAULT NULL COMMENT '是否为外链（0是 1否）',
  `permission` varchar(100) CHARACTER SET utf8mb4 COLLATE utf8mb4_bin NULL DEFAULT NULL COMMENT '权限标识',
  `type` tinyint NOT NULL COMMENT '菜单类型(0.目录,1.菜单,2.功能)',
  `icon` varchar(100) CHARACTER SET utf8mb4 COLLATE utf8mb4_bin NULL DEFAULT NULL COMMENT '菜单图标',
  `status` tinyint NOT NULL DEFAULT 0 COMMENT '菜单状态(0正常,1禁用)',
  `visible` bit(1) NOT NULL COMMENT '是否可见（0隐藏，1显示）',
  `keep_alive` bit(1) NOT NULL COMMENT '是否缓存（0不缓存，1缓存）',
  `remark` varchar(500) CHARACTER SET utf8mb4 COLLATE utf8mb4_bin NULL DEFAULT NULL COMMENT '备注',
  `creator` varchar(64) CHARACTER SET utf8mb4 COLLATE utf8mb4_bin NULL DEFAULT NULL COMMENT '创建人',
  `create_time` datetime NOT NULL COMMENT '创建时间',
  `updater` varchar(64) CHARACTER SET utf8mb4 COLLATE utf8mb4_bin NULL DEFAULT NULL COMMENT '修改人',
  `update_time` datetime NOT NULL COMMENT '修改时间',
  `deleted` bit(1) NOT NULL DEFAULT b'0' COMMENT '是否删除(0未删除 1已删除)',
  PRIMARY KEY (`menu_id`) USING BTREE
) ENGINE = InnoDB AUTO_INCREMENT = 109 CHARACTER SET = utf8mb4 COLLATE = utf8mb4_bin ROW_FORMAT = Dynamic;

-- ----------------------------
-- Records of sys_menu
-- ----------------------------
INSERT INTO `sys_menu` VALUES (1, '系统管理', 0, 200, 'acl', '', b'0', '', 0, '管理', 0, b'1', b'0', NULL, '1', '2024-04-02 08:09:14', 'admin', '2024-12-25 13:52:41', b'0');
INSERT INTO `sys_menu` VALUES (30, '用户管理', 43, 200, 'user', '', b'0', '', 1, 'user-plus', 0, b'1', b'0', NULL, NULL, '2024-04-04 19:25:12', 'admin', '2024-12-23 21:35:44', b'0');
INSERT INTO `sys_menu` VALUES (31, '用户查询', 30, 100, NULL, NULL, b'0', 'system:user:query', 2, '', 0, b'1', b'0', NULL, NULL, '2024-04-04 19:28:36', NULL, '2024-04-04 19:28:40', b'1');
INSERT INTO `sys_menu` VALUES (32, '角色管理', 43, 200, 'role', '', b'0', '', 1, 'role', 0, b'1', b'0', NULL, NULL, '2024-04-05 16:24:52', 'admin', '2024-12-23 21:35:25', b'0');
INSERT INTO `sys_menu` VALUES (33, '菜单管理', 1, 300, 'menu', '', b'0', '', 1, 'menu', 0, b'1', b'0', NULL, NULL, '2024-04-05 16:26:35', 'admin', '2024-10-30 11:24:28', b'0');
INSERT INTO `sys_menu` VALUES (34, '百度', 1, 400, '', 'http://www.baidu.com', b'1', '', 1, '系统', 0, b'1', b'0', NULL, NULL, '2024-04-16 14:28:35', NULL, '2024-04-16 14:28:42', b'1');
INSERT INTO `sys_menu` VALUES (35, '首页', 0, 0, 'home', NULL, b'0', NULL, 1, 'home', 0, b'1', b'0', NULL, '1', '2024-10-20 07:13:01', NULL, '2024-10-20 07:13:08', b'0');
INSERT INTO `sys_menu` VALUES (43, '用户管理', 0, 100, 'user', '', b'0', '', 0, 'user', 0, b'1', b'0', NULL, 'admin', '2024-10-28 14:53:43', 'admin', '2024-12-23 19:19:40', b'0');
INSERT INTO `sys_menu` VALUES (44, '操作日志', 43, 300, 'operationLog', '', b'0', '', 1, 'log', 0, b'1', b'0', NULL, 'admin', '2024-10-30 12:09:18', 'admin', '2024-10-30 12:35:26', b'0');
INSERT INTO `sys_menu` VALUES (45, '数据字典项', 1, 500, 'dictType', '', b'0', '', 1, 'dictType', 0, b'1', b'0', NULL, 'admin', '2024-10-30 12:36:46', 'admin', '2024-10-31 19:52:54', b'0');
INSERT INTO `sys_menu` VALUES (46, '数据字典值', 1, 600, 'dictData', '', b'0', '', 1, 'dictData', 0, b'1', b'0', NULL, 'admin', '2024-10-30 12:37:16', 'admin', '2024-10-30 12:46:05', b'0');
INSERT INTO `sys_menu` VALUES (47, '系统设置', 1, 700, 'setting', '', b'0', '', 1, '设置', 0, b'1', b'0', NULL, 'admin', '2024-10-30 12:37:43', 'admin', '2024-10-30 13:59:44', b'0');
INSERT INTO `sys_menu` VALUES (48, 'ceshi', 0, 1000, 'ceshi', '', b'0', '', 0, 'role', 0, b'1', b'0', NULL, 'admin', '2024-10-30 15:04:19', 'admin', '2024-12-25 13:49:32', b'0');
INSERT INTO `sys_menu` VALUES (49, 'ceshi1', 48, 100, 'ceshi1', '', b'0', '', 1, '设置', 0, b'1', b'0', NULL, 'admin', '2024-10-30 15:04:31', 'admin', '2024-12-14 09:30:35', b'0');
INSERT INTO `sys_menu` VALUES (50, 'ceshi2', 48, 200, 'ceshi2', '', b'0', '', 1, '设置', 0, b'1', b'0', NULL, 'admin', '2024-10-30 15:04:44', 'admin', '2024-12-14 10:18:48', b'0');
INSERT INTO `sys_menu` VALUES (51, 'ceshi3', 48, 300, 'ceshi3', '', b'0', '', 1, 'role', 0, b'1', b'0', NULL, 'admin', '2024-10-30 15:04:55', 'admin', '2024-12-14 10:11:45', b'0');
INSERT INTO `sys_menu` VALUES (52, 'ceshi4', 48, 400, 'ceshi4', '', b'0', '', 1, 'role', 1, b'1', b'0', NULL, 'admin', '2024-10-30 15:05:13', 'admin', '2024-12-14 10:18:50', b'0');
INSERT INTO `sys_menu` VALUES (53, 'ceshi6', 48, 600, 'ceshi56', '', b'0', '', 1, '设置', 0, b'1', b'0', NULL, 'admin', '2024-10-30 15:05:31', 'admin', '2024-12-14 08:00:22', b'1');
INSERT INTO `sys_menu` VALUES (54, '查询用户', 30, 100, '', '', b'1', 'system:user:list', 2, '', 0, b'1', b'0', NULL, 'admin', '2024-10-31 16:41:57', 'admin', '2024-10-31 16:48:33', b'0');
INSERT INTO `sys_menu` VALUES (55, '新增用户', 30, 200, '', '', b'1', 'system:user:add', 2, '', 0, b'1', b'0', NULL, 'admin', '2024-10-31 16:47:56', NULL, '2024-10-31 16:47:56', b'0');
INSERT INTO `sys_menu` VALUES (56, '删除用户', 30, 300, '', '', b'1', 'system:user:delete', 2, '', 0, b'1', b'0', NULL, 'admin', '2024-10-31 16:48:54', NULL, '2024-10-31 16:48:54', b'0');
INSERT INTO `sys_menu` VALUES (57, '修改用户', 30, 400, '', '', b'1', 'system:user:edit', 2, '', 0, b'1', b'0', NULL, 'admin', '2024-10-31 16:49:12', NULL, '2024-10-31 16:49:12', b'0');
INSERT INTO `sys_menu` VALUES (58, '重置用户密码', 30, 500, '', '', b'1', 'system:user:resetPassword', 2, '', 0, b'1', b'0', NULL, 'admin', '2024-10-31 16:50:21', 'admin', '2024-10-31 16:53:12', b'0');
INSERT INTO `sys_menu` VALUES (59, '禁用账号', 30, 600, '', '', b'1', 'system:user:disableAccount', 2, '', 0, b'1', b'0', NULL, 'admin', '2024-10-31 16:53:51', NULL, '2024-10-31 16:53:51', b'0');
INSERT INTO `sys_menu` VALUES (60, '用户授权角色', 30, 700, '', '', b'1', 'system:user:authRole', 2, '', 0, b'1', b'0', NULL, 'admin', '2024-10-31 16:54:24', NULL, '2024-10-31 16:54:24', b'0');
INSERT INTO `sys_menu` VALUES (61, '查询角色', 32, 100, '', '', b'1', 'system:role:list', 2, '', 0, b'1', b'0', NULL, 'admin', '2024-10-31 18:01:53', NULL, '2024-10-31 18:01:53', b'0');
INSERT INTO `sys_menu` VALUES (62, '新增角色', 32, 200, '', '', b'1', 'system:role:add', 2, '', 0, b'1', b'0', NULL, 'admin', '2024-10-31 18:43:28', NULL, '2024-10-31 18:43:28', b'0');
INSERT INTO `sys_menu` VALUES (63, '删除角色', 32, 300, '', '', b'1', 'system:user:delete', 2, '', 0, b'1', b'0', NULL, 'admin', '2024-10-31 18:44:20', NULL, '2024-10-31 18:44:20', b'0');
INSERT INTO `sys_menu` VALUES (64, '修改角色', 32, 400, '', '', b'1', 'system:role:edit', 2, '', 0, b'1', b'0', NULL, 'admin', '2024-10-31 18:44:53', NULL, '2024-10-31 18:44:53', b'0');
INSERT INTO `sys_menu` VALUES (65, '修改状态', 32, 500, '', '', b'1', 'system:role:editStatus', 2, '', 0, b'1', b'0', NULL, 'admin', '2024-10-31 18:45:34', NULL, '2024-10-31 18:45:34', b'0');
INSERT INTO `sys_menu` VALUES (66, '查询菜单', 33, 100, '', '', b'1', 'system:menu:list', 2, '', 0, b'1', b'0', NULL, 'admin', '2024-10-31 19:01:57', NULL, '2024-10-31 19:01:57', b'0');
INSERT INTO `sys_menu` VALUES (67, '新增菜单', 33, 200, '', '', b'1', 'system:menu:add', 2, '', 0, b'1', b'0', NULL, 'admin', '2024-10-31 19:02:38', 'admin', '2024-10-31 19:02:54', b'0');
INSERT INTO `sys_menu` VALUES (68, '删除菜单', 33, 300, '', '', b'1', 'system:menu:delete', 2, '', 0, b'1', b'0', NULL, 'admin', '2024-10-31 19:03:16', NULL, '2024-10-31 19:03:16', b'0');
INSERT INTO `sys_menu` VALUES (69, '修改菜单', 33, 400, '', '', b'1', 'system:menu:edit', 2, '', 0, b'1', b'0', NULL, 'admin', '2024-10-31 19:03:37', NULL, '2024-10-31 19:03:37', b'0');
INSERT INTO `sys_menu` VALUES (70, '角色授权菜单', 32, 600, '', '', b'1', 'system:role:authMenu', 2, '', 0, b'1', b'0', NULL, 'admin', '2024-10-31 19:12:07', NULL, '2024-10-31 19:12:07', b'0');
INSERT INTO `sys_menu` VALUES (71, '项目地址', 0, 450, '', 'https://github.com/202252197/JUNCHENMO-Front', b'1', '', 1, '链接', 0, b'1', b'0', NULL, 'admin', '2024-10-31 19:33:03', 'admin', '2024-12-25 13:49:54', b'0');
INSERT INTO `sys_menu` VALUES (72, '提交bug', 0, 500, '', 'https://github.com/202252197/JUNCHENMO-Front/issues', b'1', '', 1, 'bug', 0, b'1', b'0', NULL, 'admin', '2024-10-31 19:33:56', 'admin', '2024-12-24 14:11:16', b'0');
INSERT INTO `sys_menu` VALUES (73, '点个赞~', 0, 600, '', 'https://github.com/202252197/JUNCHENMO-Front', b'1', '', 1, '点赞', 0, b'1', b'0', NULL, 'admin', '2024-10-31 19:34:29', 'admin', '2024-12-24 14:11:47', b'0');
INSERT INTO `sys_menu` VALUES (74, 'ceshi5', 48, 500, 'ceshi5', '', b'0', '', 1, '点赞', 0, b'1', b'0', NULL, 'admin', '2024-12-14 08:00:10', NULL, '2024-12-14 08:00:10', b'0');
INSERT INTO `sys_menu` VALUES (75, 'lvshihao', 49, 700, 'lvshihao', '', b'0', '', 1, '权限', 0, b'1', b'0', NULL, 'admin', '2024-12-15 08:19:57', NULL, '2024-12-15 08:19:57', b'1');
INSERT INTO `sys_menu` VALUES (76, 'lvshihao2', 49, 700, 'lvshihao2', '', b'0', '', 1, '权限', 0, b'1', b'0', NULL, 'admin', '2024-12-15 08:21:03', NULL, '2024-12-15 08:21:03', b'1');
INSERT INTO `sys_menu` VALUES (77, 'ceshi6', 48, 700, 'ceshi6', '', b'0', '', 1, '设置', 0, b'1', b'0', NULL, 'admin', '2024-12-18 13:42:08', NULL, '2024-12-18 13:42:08', b'0');
INSERT INTO `sys_menu` VALUES (78, 'ceshi7', 48, 800, 'ceshi7', '', b'0', '', 1, '权限', 0, b'1', b'0', NULL, 'admin', '2024-12-18 13:42:20', 'admin', '2024-12-18 13:42:49', b'1');
INSERT INTO `sys_menu` VALUES (79, 'ceshi822', 48, 900, 'ceshi8', '', b'0', '', 1, '权限', 1, b'0', b'0', NULL, 'admin', '2024-12-18 13:42:31', 'admin', '2024-12-30 17:02:02', b'0');
INSERT INTO `sys_menu` VALUES (80, 'ceshi9', 48, 1000, 'ceshi9', '', b'0', '', 1, '权限', 0, b'1', b'0', NULL, 'admin', '2024-12-18 13:42:41', NULL, '2024-12-18 13:42:41', b'1');
INSERT INTO `sys_menu` VALUES (81, 'ww', 78, 100, 'www', '', b'0', '', 1, '权限', 0, b'1', b'0', NULL, 'admin', '2024-12-19 12:20:33', NULL, '2024-12-19 12:20:33', b'1');
INSERT INTO `sys_menu` VALUES (82, 'ee', 78, 200, 'eee', 'eeee', b'1', 'eee', 1, '设置', 0, b'1', b'0', NULL, 'admin', '2024-12-19 12:20:39', 'admin', '2024-12-19 12:21:11', b'1');
INSERT INTO `sys_menu` VALUES (83, 'sss', 74, 100, 'sss', '', b'0', '', 1, '', 0, b'1', b'0', NULL, 'admin', '2024-12-20 17:06:55', NULL, '2024-12-20 17:06:55', b'1');
INSERT INTO `sys_menu` VALUES (84, 'sss', 74, 100, 'sss', '', b'0', '', 1, '设置', 0, b'1', b'0', NULL, 'admin', '2024-12-20 17:06:56', 'admin', '2024-12-20 17:07:30', b'0');
INSERT INTO `sys_menu` VALUES (85, 'ww', 74, 200, 'ww', '', b'0', '', 1, '权限', 0, b'1', b'0', NULL, 'admin', '2024-12-20 17:07:26', NULL, '2024-12-20 17:07:26', b'0');
INSERT INTO `sys_menu` VALUES (87, 'ceshhh', 48, 700, 'ceshhh', '', b'0', '', 1, 'log', 0, b'1', b'0', NULL, 'admin', '2024-12-23 15:59:21', NULL, '2024-12-23 15:59:21', b'0');
INSERT INTO `sys_menu` VALUES (88, 'kkkk', 48, 700, 'kkkk', '', b'0', '', 1, '白天', 0, b'1', b'0', NULL, 'admin', '2024-12-23 18:42:56', NULL, '2024-12-23 18:42:56', b'0');
INSERT INTO `sys_menu` VALUES (89, '百度', 0, 700, '', 'http://www.baidu.com', b'0', '', 0, '设置', 0, b'1', b'0', NULL, 'admin', '2024-12-25 11:27:03', 'admin', '2024-12-25 12:13:11', b'1');
INSERT INTO `sys_menu` VALUES (90, 'www', 0, 800, '', 'http://www.baidu.com', b'0', '', 0, '权限', 0, b'1', b'0', NULL, 'admin', '2024-12-25 12:30:01', 'admin', '2024-12-25 13:15:41', b'1');
INSERT INTO `sys_menu` VALUES (91, '系统监控', 0, 400, 'monitor', '', b'0', '', 0, '监控', 0, b'1', b'0', NULL, 'admin', '2024-12-25 13:33:49', 'admin', '2024-12-25 14:18:36', b'0');
INSERT INTO `sys_menu` VALUES (92, '系统工具', 0, 300, 'tool', '', b'0', '', 0, '工具', 0, b'1', b'0', NULL, 'admin', '2024-12-25 13:35:19', 'admin', '2024-12-25 13:49:23', b'0');
INSERT INTO `sys_menu` VALUES (93, '接口文档', 92, 1100, 'swagger', '', b'0', '', 1, '接口文档', 0, b'1', b'1', NULL, 'admin', '2024-12-25 13:38:02', 'admin', '2024-12-30 09:22:25', b'0');
INSERT INTO `sys_menu` VALUES (94, 'AI表结构生成', 92, 1200, 'aiTableGen', '', b'0', '', 1, 'AI', 0, b'1', b'0', NULL, 'admin', '2024-12-25 13:48:29', 'admin', '2024-12-30 21:07:02', b'0');
INSERT INTO `sys_menu` VALUES (95, '数据监控', 91, 100, 'druid', '', b'0', '', 1, 'AI', 0, b'1', b'0', NULL, 'admin', '2024-12-25 14:22:05', NULL, '2024-12-25 14:22:05', b'0');
INSERT INTO `sys_menu` VALUES (96, '前端常用网页', 0, 420, 'link', '', b'0', '', 0, '书签', 0, b'1', b'0', NULL, 'admin', '2024-12-25 16:07:23', 'admin', '2024-12-30 19:54:01', b'0');
INSERT INTO `sys_menu` VALUES (97, '缓存列表', 91, 200, 'cacheList', '', b'0', '', 1, '缓存', 0, b'1', b'0', NULL, 'admin', '2024-12-25 16:34:04', 'admin', '2024-12-25 19:07:09', b'0');
INSERT INTO `sys_menu` VALUES (98, 'element ui plus', 96, 100, '', 'https://element-plus.org/zh-CN/', b'1', '', 1, '收藏', 0, b'1', b'0', NULL, 'admin', '2024-12-25 20:53:17', 'admin', '2024-12-25 21:55:08', b'0');
INSERT INTO `sys_menu` VALUES (99, 'iconfont', 96, 200, '', 'https://www.iconfont.cn/', b'1', '', 1, '收藏', 0, b'1', b'0', NULL, 'admin', '2024-12-25 20:54:02', NULL, '2024-12-25 20:54:02', b'0');
INSERT INTO `sys_menu` VALUES (100, 'vxetable', 96, 300, '', 'https://vxetable.cn/', b'1', '', 1, '收藏', 0, b'1', b'0', NULL, 'admin', '2024-12-25 20:54:30', NULL, '2024-12-25 20:54:30', b'0');
INSERT INTO `sys_menu` VALUES (101, 'animate.style', 96, 400, '', 'https://animate.style/', b'1', '', 1, '收藏', 0, b'1', b'0', NULL, 'admin', '2024-12-25 21:54:42', NULL, '2024-12-25 21:54:42', b'0');
INSERT INTO `sys_menu` VALUES (102, '表单生成', 92, 1300, 'fromGen', '', b'0', '', 1, '表单', 0, b'1', b'0', NULL, 'admin', '2024-12-26 20:23:28', 'admin', '2024-12-27 11:17:03', b'0');
INSERT INTO `sys_menu` VALUES (103, '缓存监控', 91, 300, 'cacheMonitor', '', b'0', '', 1, '监控', 0, b'1', b'0', NULL, 'admin', '2024-12-27 15:08:52', 'admin', '2024-12-27 15:10:21', b'0');
INSERT INTO `sys_menu` VALUES (104, '服务监控', 91, 400, 'systemMonitor', '', b'0', '', 1, '服务器', 0, b'1', b'0', NULL, 'admin', '2024-12-27 20:55:02', NULL, '2024-12-27 20:55:02', b'0');
INSERT INTO `sys_menu` VALUES (105, '定时任务', 91, 500, 'qrtz', '', b'0', '', 1, '数据', 0, b'1', b'0', NULL, 'admin', '2024-12-28 15:38:37', NULL, '2024-12-28 15:38:37', b'0');
INSERT INTO `sys_menu` VALUES (106, 'navnav', 96, 500, '', 'https://thuvien.org/navnav', b'1', '', 1, '收藏', 0, b'1', b'0', NULL, 'admin', '2024-12-28 21:23:08', NULL, '2024-12-28 21:23:08', b'0');
INSERT INTO `sys_menu` VALUES (107, 'uiverse', 96, 600, '', 'https://uiverse.io/', b'1', '', 1, '收藏', 0, b'1', b'0', NULL, 'admin', '2024-12-28 21:24:11', NULL, '2024-12-28 21:24:11', b'0');
INSERT INTO `sys_menu` VALUES (108, '后端常用网页', 0, 1100, 'link2', NULL, b'0', '', 0, '书签', 0, b'1', b'0', NULL, 'admin', '2024-12-30 20:08:43', NULL, '2024-12-30 20:08:43', b'1');
INSERT INTO `sys_menu` VALUES (109, 'knife4j', 108, 100, NULL, 'https://doc.xiaominfo.com/v2/documentation/description.html', b'1', '', 1, '收藏', 0, b'1', b'0', NULL, 'admin', '2024-12-30 20:12:34', 'admin', '2024-12-30 20:30:54', b'0');

-- ----------------------------
-- Table structure for sys_oper_log
-- ----------------------------
DROP TABLE IF EXISTS `sys_oper_log`;
CREATE TABLE `sys_oper_log`  (
  `oper_id` bigint NOT NULL AUTO_INCREMENT COMMENT '日志主键',
  `title` varchar(50) CHARACTER SET utf8mb4 COLLATE utf8mb4_bin NULL DEFAULT '' COMMENT '模块标题',
  `business_name` varchar(255) CHARACTER SET utf8mb4 COLLATE utf8mb4_bin NULL DEFAULT NULL COMMENT '业务名称',
  `business_type` int NULL DEFAULT 0 COMMENT '业务类型（0其它 1新增 2修改 3删除）',
  `description` varchar(255) CHARACTER SET utf8mb4 COLLATE utf8mb4_bin NULL DEFAULT NULL COMMENT '操作日志',
  `method` varchar(100) CHARACTER SET utf8mb4 COLLATE utf8mb4_bin NULL DEFAULT '' COMMENT '方法名称',
  `request_method` varchar(10) CHARACTER SET utf8mb4 COLLATE utf8mb4_bin NULL DEFAULT '' COMMENT '请求方式',
  `request_time` datetime NULL DEFAULT NULL COMMENT '请求时间',
  `operator_type` int NULL DEFAULT 0 COMMENT '操作类别（0其它 1后台用户）',
  `oper_name` varchar(50) CHARACTER SET utf8mb4 COLLATE utf8mb4_bin NULL DEFAULT '' COMMENT '操作人员',
  `oper_url` varchar(255) CHARACTER SET utf8mb4 COLLATE utf8mb4_bin NULL DEFAULT '' COMMENT '请求URL',
  `oper_ip` varchar(128) CHARACTER SET utf8mb4 COLLATE utf8mb4_bin NULL DEFAULT '' COMMENT '主机地址',
  `oper_location` varchar(255) CHARACTER SET utf8mb4 COLLATE utf8mb4_bin NULL DEFAULT '' COMMENT '操作地点',
  `oper_param` varchar(2000) CHARACTER SET utf8mb4 COLLATE utf8mb4_bin NULL DEFAULT '' COMMENT '请求参数',
  `json_result` varchar(2000) CHARACTER SET utf8mb4 COLLATE utf8mb4_bin NULL DEFAULT '' COMMENT '返回参数',
  `status` int NULL DEFAULT 0 COMMENT '操作状态（0正常 1异常）',
  `error_msg` varchar(2000) CHARACTER SET utf8mb4 COLLATE utf8mb4_bin NULL DEFAULT '' COMMENT '错误消息',
  `cost_time` bigint NULL DEFAULT 0 COMMENT '消耗时间',
  `remark` varchar(500) CHARACTER SET utf8mb4 COLLATE utf8mb4_bin NULL DEFAULT NULL COMMENT '备注',
  `creator` varchar(64) CHARACTER SET utf8mb4 COLLATE utf8mb4_bin NULL DEFAULT NULL COMMENT '创建人',
  `create_time` datetime NOT NULL COMMENT '创建时间',
  `updater` varchar(64) CHARACTER SET utf8mb4 COLLATE utf8mb4_bin NULL DEFAULT NULL COMMENT '修改人',
  `update_time` datetime NOT NULL COMMENT '修改时间',
  `deleted` bit(1) NOT NULL DEFAULT b'0' COMMENT '删除标识(0未删除，1已经删除)',
  PRIMARY KEY (`oper_id`) USING BTREE,
  INDEX `idx_sys_oper_log_bt`(`business_type` ASC) USING BTREE,
  INDEX `idx_sys_oper_log_s`(`status` ASC) USING BTREE
) ENGINE = InnoDB AUTO_INCREMENT = 98 CHARACTER SET = utf8mb4 COLLATE = utf8mb4_bin COMMENT = '操作日志记录' ROW_FORMAT = DYNAMIC;

-- ----------------------------
-- Records of sys_oper_log
-- ----------------------------
INSERT INTO `sys_oper_log` VALUES (1, '用户管理', '修改用户信息', 2, '<span class=log-light-span>用户ID: <span class=height-light-span>87</span>信息被修改</span>', 'com.jcm.system.controller.SysUserController.edit()', 'PUT', '2024-12-29 19:51:26', 1, 'admin', '/user/', '127.0.0.1', '中国-江苏省-南京市-(电信)', '{\"admin\":false,\"email\":\"222@qq.com\",\"mobile\":\"13613968471\",\"nickname\":\"ceshi13\",\"userId\":87,\"username\":\"ceshi\"}', '{\"msg\":\"操作成功\",\"code\":200}', 0, '', 65, NULL, '', '2024-12-29 19:51:26', NULL, '2024-12-29 19:51:26', b'0');
INSERT INTO `sys_oper_log` VALUES (2, '操作日志', '导出日志', 5, NULL, 'com.jcm.system.controller.SysOperLogController.export()', 'POST', '2024-12-29 19:51:29', 1, 'admin', '/operlog/export', '127.0.0.1', '中国-江苏省-南京市-(电信)', '{}', '', 1, '<span class=height-light-span-error></span>', 2, NULL, '', '2024-12-29 19:51:29', NULL, '2024-12-29 19:51:29', b'0');
INSERT INTO `sys_oper_log` VALUES (3, '操作日志', '导出日志', 5, NULL, 'com.jcm.system.controller.SysOperLogController.export()', 'POST', '2024-12-29 19:52:57', 1, 'admin', '/operlog/export', '127.0.0.1', '中国-江苏省-南京市-(电信)', '{}', '', 1, '<span class=height-light-span-error></span>', 2, NULL, '', '2024-12-29 19:52:58', NULL, '2024-12-29 19:52:58', b'0');
INSERT INTO `sys_oper_log` VALUES (4, '操作日志', '导出日志', 5, NULL, 'com.jcm.system.controller.SysOperLogController.export()', 'POST', '2024-12-29 19:53:34', 1, 'admin', '/operlog/export', '127.0.0.1', '中国-江苏省-南京市-(电信)', '{}', '', 1, '<span class=height-light-span-error></span>', 54, NULL, '', '2024-12-29 19:53:35', NULL, '2024-12-29 19:53:35', b'0');
INSERT INTO `sys_oper_log` VALUES (5, '操作日志', '导出日志', 5, NULL, 'com.jcm.system.controller.SysOperLogController.export()', 'POST', '2024-12-29 19:54:38', 1, 'admin', '/operlog/export', '127.0.0.1', '中国-江苏省-南京市-(电信)', '{}', '', 1, '<span class=height-light-span-error></span>', 1, NULL, '', '2024-12-29 19:54:39', NULL, '2024-12-29 19:54:39', b'0');
INSERT INTO `sys_oper_log` VALUES (6, '操作日志', '导出日志', 5, NULL, 'com.jcm.system.controller.SysOperLogController.export()', 'POST', '2024-12-29 19:56:20', 1, 'admin', '/operlog/export', '127.0.0.1', '中国-江苏省-南京市-(电信)', '{}', '', 1, '<span class=height-light-span-error></span>', 1, NULL, '', '2024-12-29 19:56:20', NULL, '2024-12-29 19:56:20', b'0');
INSERT INTO `sys_oper_log` VALUES (7, '操作日志', '导出日志', 5, NULL, 'com.jcm.system.controller.SysOperLogController.export()', 'POST', '2024-12-29 19:57:25', 1, 'admin', '/operlog/export', '127.0.0.1', '中国-江苏省-南京市-(电信)', '{\"businessName\":\"\",\"operName\":\"admin\",\"params\":{},\"title\":\"用户管理\"}', '', 0, '', 1037, NULL, '', '2024-12-29 19:57:27', NULL, '2024-12-29 19:57:27', b'0');
INSERT INTO `sys_oper_log` VALUES (8, '操作日志', '导出日志', 5, NULL, 'com.jcm.system.controller.SysOperLogController.export()', 'POST', '2024-12-29 19:57:59', 1, 'admin', '/operlog/export', '127.0.0.1', '中国-江苏省-南京市-(电信)', '{\"businessName\":\"\",\"operName\":\"admin\",\"params\":{},\"title\":\"用户管理\"}', '', 0, '', 37, NULL, '', '2024-12-29 19:58:00', NULL, '2024-12-29 19:58:00', b'0');
INSERT INTO `sys_oper_log` VALUES (9, '菜单管理', '修改菜单', 2, '<span class=log-light-span>菜单ID: <span class=height-light-span>93</span>信息被修改</span>', 'com.jcm.system.controller.SysMenuController.edit()', 'PUT', '2024-12-30 09:22:25', 1, 'admin', '/menu/', '127.0.0.1', '中国-江苏省-南京市-(电信)', '{\"component\":\"swagger\",\"icon\":\"接口文档\",\"keepAlive\":true,\"link\":\"\",\"menuId\":93,\"name\":\"接口文档\",\"parentId\":92,\"permission\":\"\",\"sort\":1100,\"type\":1,\"updateTime\":\"2024-12-30 09:22:25\",\"updater\":\"admin\",\"visible\":true}', '{\"msg\":\"操作成功\",\"code\":200}', 0, '', 86, NULL, '', '2024-12-30 09:22:26', NULL, '2024-12-30 09:22:26', b'0');
INSERT INTO `sys_oper_log` VALUES (10, '操作日志', '导出日志', 5, NULL, 'com.jcm.system.controller.SysOperLogController.export()', 'POST', '2024-12-30 10:19:56', 1, '', '/operlog/export', '192.168.74.1', '中国-江苏省-南京市-(电信)', '{\"businessName\":\"\",\"businessType\":0,\"costTime\":0,\"creator\":\"\",\"deleted\":true,\"description\":\"\",\"errorMsg\":\"\",\"jsonResult\":\"\",\"method\":\"\",\"operId\":0,\"operIp\":\"\",\"operLocation\":\"\",\"operName\":\"\",\"operParam\":\"\",\"operUrl\":\"\",\"operatorType\":0,\"params\":{},\"remark\":\"\",\"requestMethod\":\"\",\"status\":0,\"title\":\"\",\"updater\":\"\"}', '', 0, '', 103, NULL, '', '2024-12-30 10:19:56', NULL, '2024-12-30 10:19:56', b'0');
INSERT INTO `sys_oper_log` VALUES (11, '操作日志', '导出日志', 5, NULL, 'com.jcm.system.controller.SysOperLogController.export()', 'POST', '2024-12-30 10:20:20', 1, '', '/operlog/export', '192.168.74.1', '中国-江苏省-南京市-(电信)', '{\"businessName\":\"\",\"businessType\":0,\"costTime\":0,\"creator\":\"\",\"deleted\":true,\"description\":\"\",\"errorMsg\":\"\",\"jsonResult\":\"\",\"method\":\"\",\"operId\":0,\"operIp\":\"\",\"operLocation\":\"\",\"operName\":\"\",\"operParam\":\"\",\"operUrl\":\"\",\"operatorType\":0,\"params\":{},\"remark\":\"\",\"requestMethod\":\"\",\"status\":0,\"title\":\"\",\"updater\":\"\"}', '', 0, '', 10, NULL, '', '2024-12-30 10:20:21', NULL, '2024-12-30 10:20:21', b'0');
INSERT INTO `sys_oper_log` VALUES (12, '操作日志', '导出日志', 5, NULL, 'com.jcm.system.controller.SysOperLogController.export()', 'POST', '2024-12-30 10:20:50', 1, '', '/operlog/export', '192.168.74.1', '中国-江苏省-南京市-(电信)', '{\"businessName\":\"\",\"businessType\":0,\"costTime\":0,\"creator\":\"\",\"deleted\":true,\"description\":\"\",\"errorMsg\":\"\",\"jsonResult\":\"\",\"method\":\"\",\"operId\":0,\"operIp\":\"\",\"operLocation\":\"\",\"operName\":\"\",\"operParam\":\"\",\"operUrl\":\"\",\"operatorType\":0,\"params\":{},\"remark\":\"\",\"requestMethod\":\"\",\"status\":0,\"title\":\"\",\"updater\":\"\"}', '', 0, '', 11, NULL, '', '2024-12-30 10:20:51', NULL, '2024-12-30 10:20:51', b'0');
INSERT INTO `sys_oper_log` VALUES (13, '操作日志', '导出日志', 5, NULL, 'com.jcm.system.controller.SysOperLogController.export()', 'POST', '2024-12-30 10:22:23', 1, '', '/operlog/export', '192.168.74.1', '中国-江苏省-南京市-(电信)', '{\"businessName\":\"\",\"businessType\":0,\"costTime\":0,\"creator\":\"\",\"deleted\":true,\"description\":\"\",\"errorMsg\":\"\",\"jsonResult\":\"\",\"method\":\"\",\"operId\":0,\"operIp\":\"\",\"operLocation\":\"\",\"operName\":\"\",\"operParam\":\"\",\"operUrl\":\"\",\"operatorType\":0,\"params\":{},\"remark\":\"\",\"requestMethod\":\"\",\"status\":0,\"title\":\"\",\"updater\":\"\"}', '', 0, '', 27, NULL, '', '2024-12-30 10:22:23', NULL, '2024-12-30 10:22:23', b'0');
INSERT INTO `sys_oper_log` VALUES (14, '操作日志', '导出日志', 5, NULL, 'com.jcm.system.controller.SysOperLogController.export()', 'POST', '2024-12-30 10:28:43', 1, '', '/operlog/export', '192.168.74.1', '中国-江苏省-南京市-(电信)', '{\"creator\":\"\",\"method\":\"\",\"requestMethod\":\"\",\"businessName\":\"\",\"description\":\"\",\"operId\":\"\",\"remark\":\"\",\"updateTime\":\"\",\"jsonResult\":\"\",\"title\":\"\",\"errorMsg\":\"\",\"updater\":\"\",\"requestTime\":\"\",\"operLocation\":\"\",\"deleted\":\"\",\"costTime\":\"\",\"createTime\":\"\",\"operIp\":\"\",\"operUrl\":\"\",\"operName\":\"\",\"operatorType\":\"\",\"businessType\":\"\",\"operParam\":\"\",\"status\":\"\"}', '', 1, '<span class=height-light-span-error></span>', 65, NULL, '', '2024-12-30 10:28:44', NULL, '2024-12-30 10:28:44', b'0');
INSERT INTO `sys_oper_log` VALUES (15, '操作日志', '导出日志', 5, NULL, 'com.jcm.system.controller.SysOperLogController.export()', 'POST', '2024-12-30 10:28:55', 1, '', '/operlog/export', '192.168.74.1', '中国-江苏省-南京市-(电信)', '{\"creator\":\"\",\"method\":\"\",\"requestMethod\":\"\",\"businessName\":\"\",\"description\":\"\",\"operId\":\"\",\"remark\":\"\",\"updateTime\":\"\",\"jsonResult\":\"\",\"title\":\"\",\"errorMsg\":\"\",\"updater\":\"\",\"requestTime\":\"\",\"operLocation\":\"\",\"deleted\":\"\",\"costTime\":\"\",\"createTime\":\"\",\"operIp\":\"\",\"operUrl\":\"\",\"operName\":\"\",\"operatorType\":\"\",\"businessType\":\"\",\"operParam\":\"\",\"status\":\"\"}', '', 1, '<span class=height-light-span-error></span>', 3, NULL, '', '2024-12-30 10:28:55', NULL, '2024-12-30 10:28:55', b'0');
INSERT INTO `sys_oper_log` VALUES (16, '操作日志', '导出日志', 5, NULL, 'com.jcm.system.controller.SysOperLogController.export()', 'POST', '2024-12-30 10:30:48', 1, '', '/operlog/export', '192.168.74.1', '中国-江苏省-南京市-(电信)', '{}', '', 1, '<span class=height-light-span-error></span>', 17, NULL, '', '2024-12-30 10:30:49', NULL, '2024-12-30 10:30:49', b'0');
INSERT INTO `sys_oper_log` VALUES (17, '操作日志', '导出日志', 5, NULL, 'com.jcm.system.controller.SysOperLogController.export()', 'POST', '2024-12-30 10:31:02', 1, '', '/operlog/export', '192.168.74.1', '中国-江苏省-南京市-(电信)', '{}', '', 1, '<span class=height-light-span-error></span>', 1, NULL, '', '2024-12-30 10:31:02', NULL, '2024-12-30 10:31:02', b'0');
INSERT INTO `sys_oper_log` VALUES (18, '操作日志', '导出日志', 5, NULL, 'com.jcm.system.controller.SysOperLogController.export()', 'POST', '2024-12-30 10:31:10', 1, '', '/operlog/export', '192.168.74.1', '中国-江苏省-南京市-(电信)', '{}', '', 1, '<span class=height-light-span-error></span>', 2, NULL, '', '2024-12-30 10:31:10', NULL, '2024-12-30 10:31:10', b'0');
INSERT INTO `sys_oper_log` VALUES (19, '操作日志', '导出日志', 5, NULL, 'com.jcm.system.controller.SysOperLogController.export()', 'POST', '2024-12-30 10:32:54', 1, '', '/operlog/export', '192.168.74.1', '中国-江苏省-南京市-(电信)', '{}', '', 1, '<span class=height-light-span-error></span>', 69, NULL, '', '2024-12-30 10:32:55', NULL, '2024-12-30 10:32:55', b'0');
INSERT INTO `sys_oper_log` VALUES (20, '操作日志', '导出日志', 5, NULL, 'com.jcm.system.controller.SysOperLogController.export()', 'POST', '2024-12-30 10:36:02', 1, '', '/operlog/export', '192.168.74.1', '中国-江苏省-南京市-(电信)', '{}', '', 0, '', 1119, NULL, '', '2024-12-30 10:36:04', NULL, '2024-12-30 10:36:04', b'0');
INSERT INTO `sys_oper_log` VALUES (21, '操作日志', '导出日志', 5, NULL, 'com.jcm.system.controller.SysOperLogController.export()', 'POST', '2024-12-30 12:08:12', 1, 'admin', '/operlog/export', '127.0.0.1', '中国-江苏省-南京市-(电信)', '{\"pageSize\":\"10\",\"pageNum\":\"1\"}', '', 0, '', 1421, NULL, '', '2024-12-30 12:08:14', NULL, '2024-12-30 12:08:14', b'0');
INSERT INTO `sys_oper_log` VALUES (22, '用户管理', '新增用户', 1, '<span class=log-light-span>新增用户<span class=height-light-span>kkk</span></span>', 'com.jcm.system.controller.SysUserController.add()', 'POST', '2024-12-30 13:40:14', 1, 'admin', '/user/', '127.0.0.1', '中国-江苏省-南京市-(电信)', '{\"admin\":false,\"createTime\":\"2024-12-30 13:40:14\",\"creator\":\"admin\",\"email\":\"3@qq.com\",\"mobile\":\"13613968456\",\"nickname\":\"kkk\",\"status\":0,\"updateTime\":\"2024-12-30 13:40:14\",\"userId\":92,\"username\":\"kkk\"}', '{\"msg\":\"操作成功\",\"code\":200}', 0, '', 182, NULL, '', '2024-12-30 13:40:14', NULL, '2024-12-30 13:40:14', b'0');
INSERT INTO `sys_oper_log` VALUES (23, '用户管理', '修改用户信息', 2, '<span class=log-light-span>用户ID: <span class=height-light-span>92</span>信息被修改</span>', 'com.jcm.system.controller.SysUserController.edit()', 'PUT', '2024-12-30 13:40:18', 1, 'admin', '/user/', '127.0.0.1', '中国-江苏省-南京市-(电信)', '{\"admin\":false,\"email\":\"3@qq.com\",\"mobile\":\"13613968456\",\"nickname\":\"kkk333\",\"userId\":92,\"username\":\"kkk\"}', '{\"msg\":\"操作成功\",\"code\":200}', 0, '', 33, NULL, '', '2024-12-30 13:40:19', NULL, '2024-12-30 13:40:19', b'0');
INSERT INTO `sys_oper_log` VALUES (24, '用户管理', '重置用户密码', 2, NULL, 'com.jcm.system.controller.SysUserController.resetPassword()', 'PUT', '2024-12-30 13:40:35', 1, 'admin', '/user/changePassword', '127.0.0.1', '中国-江苏省-南京市-(电信)', '{\"admin\":false,\"email\":\"3@qq.com\",\"mobile\":\"13613968456\",\"nickname\":\"kkk333\",\"userId\":92,\"username\":\"kkk\"}', '{\"msg\":\"操作成功\",\"code\":200}', 0, '', 80, NULL, '', '2024-12-30 13:40:35', NULL, '2024-12-30 13:40:35', b'0');
INSERT INTO `sys_oper_log` VALUES (25, '用户管理', '删除用户', 3, '<span class=log-light-span>删除<span class=height-light-span>1</span>条用户信息</span>', 'com.jcm.system.controller.SysUserController.delete()', 'DELETE', '2024-12-30 13:41:03', 1, 'admin', '/user/92', '127.0.0.1', '中国-江苏省-南京市-(电信)', '{}', '{\"msg\":\"操作成功\",\"code\":200}', 0, '', 21, NULL, '', '2024-12-30 13:41:03', NULL, '2024-12-30 13:41:03', b'0');
INSERT INTO `sys_oper_log` VALUES (26, '用户管理', '修改用户信息', 2, '<span class=log-light-span>用户ID: <span class=height-light-span>67</span>信息被修改</span>', 'com.jcm.system.controller.SysUserController.edit()', 'PUT', '2024-12-30 13:55:55', 1, 'admin', '/user/', '127.0.0.1', '中国-江苏省-南京市-(电信)', '{\"admin\":false,\"email\":\"330628396@qq.com\",\"mobile\":\"13613968112\",\"nickname\":\"lvxu\",\"userId\":67,\"username\":\"lvxu\"}', '{\"msg\":\"操作成功\",\"code\":200}', 0, '', 61, NULL, '', '2024-12-30 13:55:55', NULL, '2024-12-30 13:55:55', b'0');
INSERT INTO `sys_oper_log` VALUES (27, '角色管理', '新增角色', 1, '<span class=log-light-span>新增角色<span class=height-light-span>lddd</span></span>', 'com.jcm.system.controller.SysRoleController.add()', 'POST', '2024-12-30 14:23:39', 1, 'admin', '/role', '127.0.0.1', '中国-江苏省-南京市-(电信)', '{\"admin\":false,\"code\":\"aaaa\",\"createTime\":\"2024-12-30 14:23:39\",\"creator\":\"admin\",\"name\":\"lddd\",\"roleId\":46,\"updateTime\":\"2024-12-30 14:23:39\"}', '{\"msg\":\"操作成功\",\"code\":200}', 0, '', 86, NULL, '', '2024-12-30 14:23:40', NULL, '2024-12-30 14:23:40', b'0');
INSERT INTO `sys_oper_log` VALUES (28, '角色管理', '修改角色', 2, '<span class=log-light-span>用户ID: <span class=height-light-span>39</span>信息被修改</span>', 'com.jcm.system.controller.SysRoleController.edit()', 'PUT', '2024-12-30 14:24:46', 1, 'admin', '/role', '127.0.0.1', '中国-江苏省-南京市-(电信)', '{\"admin\":false,\"code\":\"aa\",\"name\":\"aa33\",\"roleId\":39,\"updateTime\":\"2024-12-30 14:24:46\",\"updater\":\"admin\"}', '{\"msg\":\"操作成功\",\"code\":200}', 0, '', 16, NULL, '', '2024-12-30 14:24:46', NULL, '2024-12-30 14:24:46', b'0');
INSERT INTO `sys_oper_log` VALUES (29, '角色管理', '删除角色', 3, '<span class=log-light-span>删除<span class=height-light-span>1</span>条角色信息</span>', 'com.jcm.system.controller.SysRoleController.delete()', 'DELETE', '2024-12-30 14:25:05', 1, 'admin', '/role', '127.0.0.1', '中国-江苏省-南京市-(电信)', '{}', '{\"msg\":\"操作成功\",\"code\":200}', 0, '', 22, NULL, '', '2024-12-30 14:25:06', NULL, '2024-12-30 14:25:06', b'0');
INSERT INTO `sys_oper_log` VALUES (30, '缓存列表', '修改用户设置信息', 2, NULL, 'com.jcm.system.controller.SysUserSettingController.edit()', 'PUT', '2024-12-30 15:43:18', 1, 'admin', '/sys-user-setting', '127.0.0.1', '中国-江苏省-南京市-(电信)', '{\"blur\":false,\"breadcrumb\":true,\"contrast\":false,\"copyright\":true,\"dataLoading\":true,\"grayscale\":false,\"hueRotate\":false,\"menu\":true,\"navigationBar\":true,\"saturate\":true,\"size\":10,\"tabs\":true,\"tabsIcon\":true,\"theme\":0,\"themeColor\":\"#6F68F6\",\"updateTime\":\"2024-12-30 15:43:18\",\"updater\":\"admin\",\"userId\":1,\"watermark\":true,\"weakColor\":false}', '{\"msg\":\"操作成功\",\"code\":200}', 0, '', 102, NULL, '', '2024-12-30 15:43:19', NULL, '2024-12-30 15:43:19', b'0');
INSERT INTO `sys_oper_log` VALUES (31, '缓存列表', '修改用户设置信息', 2, NULL, 'com.jcm.system.controller.SysUserSettingController.edit()', 'PUT', '2024-12-30 15:43:35', 1, 'admin', '/sys-user-setting', '127.0.0.1', '中国-江苏省-南京市-(电信)', '{\"blur\":false,\"breadcrumb\":true,\"contrast\":false,\"copyright\":true,\"dataLoading\":true,\"grayscale\":false,\"hueRotate\":false,\"menu\":true,\"navigationBar\":true,\"saturate\":true,\"size\":10,\"tabs\":true,\"tabsIcon\":true,\"theme\":0,\"themeColor\":\"#6F68F6\",\"updateTime\":\"2024-12-30 15:43:35\",\"updater\":\"admin\",\"userId\":1,\"watermark\":true,\"weakColor\":false}', '{\"msg\":\"操作成功\",\"code\":200}', 0, '', 10, NULL, '', '2024-12-30 15:43:35', NULL, '2024-12-30 15:43:35', b'0');
INSERT INTO `sys_oper_log` VALUES (32, '缓存列表', '修改用户设置信息', 2, NULL, 'com.jcm.system.controller.SysUserSettingController.edit()', 'PUT', '2024-12-30 15:43:37', 1, 'admin', '/sys-user-setting', '127.0.0.1', '中国-江苏省-南京市-(电信)', '{\"blur\":false,\"breadcrumb\":true,\"contrast\":false,\"copyright\":true,\"dataLoading\":true,\"grayscale\":false,\"hueRotate\":false,\"menu\":true,\"navigationBar\":true,\"saturate\":true,\"size\":10,\"tabs\":true,\"tabsIcon\":true,\"theme\":1,\"themeColor\":\"#6F68F6\",\"updateTime\":\"2024-12-30 15:43:37\",\"updater\":\"admin\",\"userId\":1,\"watermark\":true,\"weakColor\":false}', '{\"msg\":\"操作成功\",\"code\":200}', 0, '', 12, NULL, '', '2024-12-30 15:43:38', NULL, '2024-12-30 15:43:38', b'0');
INSERT INTO `sys_oper_log` VALUES (33, '菜单管理', '删除菜单', 3, '<span class=log-light-span>删除<span class=height-light-span>1</span>条菜单信息</span>', 'com.jcm.system.controller.SysMenuController.delete()', 'DELETE', '2024-12-30 16:55:41', 1, 'admin', '/menu/80', '127.0.0.1', '中国-江苏省-南京市-(电信)', '{}', '{\"msg\":\"操作成功\",\"code\":200}', 0, '', 131, NULL, '', '2024-12-30 16:55:42', NULL, '2024-12-30 16:55:42', b'0');
INSERT INTO `sys_oper_log` VALUES (34, '菜单管理', '修改菜单', 2, '<span class=log-light-span>菜单ID: <span class=height-light-span>79</span>信息被修改</span>', 'com.jcm.system.controller.SysMenuController.edit()', 'PUT', '2024-12-30 16:56:13', 1, 'admin', '/menu/', '127.0.0.1', '中国-江苏省-南京市-(电信)', '{\"component\":\"ceshi8\",\"icon\":\"role\",\"keepAlive\":false,\"link\":\"\",\"menuId\":79,\"name\":\"ceshi8\",\"parentId\":48,\"permission\":\"\",\"sort\":900,\"type\":1,\"updateTime\":\"2024-12-30 16:56:13\",\"updater\":\"admin\",\"visible\":true}', '{\"msg\":\"操作成功\",\"code\":200}', 0, '', 16, NULL, '', '2024-12-30 16:56:13', NULL, '2024-12-30 16:56:13', b'0');
INSERT INTO `sys_oper_log` VALUES (35, '菜单管理', '修改菜单', 2, '<span class=log-light-span>菜单ID: <span class=height-light-span>79</span>信息被修改</span>', 'com.jcm.system.controller.SysMenuController.edit()', 'PUT', '2024-12-30 16:57:20', 1, 'admin', '/menu/', '127.0.0.1', '中国-江苏省-南京市-(电信)', '{\"component\":\"ceshi8\",\"icon\":\"权限\",\"keepAlive\":false,\"link\":\"\",\"menuId\":79,\"name\":\"ceshi82\",\"parentId\":48,\"permission\":\"\",\"sort\":900,\"type\":1,\"updateTime\":\"2024-12-30 16:57:20\",\"updater\":\"admin\",\"visible\":true}', '{\"msg\":\"操作成功\",\"code\":200}', 0, '', 34, NULL, '', '2024-12-30 16:57:21', NULL, '2024-12-30 16:57:21', b'0');
INSERT INTO `sys_oper_log` VALUES (36, '缓存列表', '修改用户设置信息', 2, NULL, 'com.jcm.system.controller.SysUserSettingController.edit()', 'PUT', '2024-12-30 17:01:52', 1, 'admin', '/sys-user-setting', '127.0.0.1', '中国-江苏省-南京市-(电信)', '{\"blur\":false,\"breadcrumb\":true,\"contrast\":false,\"copyright\":true,\"dataLoading\":false,\"grayscale\":false,\"hueRotate\":false,\"menu\":true,\"navigationBar\":true,\"saturate\":true,\"size\":10,\"tabs\":true,\"tabsIcon\":true,\"theme\":1,\"themeColor\":\"#6F68F6\",\"updateTime\":\"2024-12-30 17:01:52\",\"updater\":\"admin\",\"userId\":1,\"watermark\":true,\"weakColor\":false}', '{\"msg\":\"操作成功\",\"code\":200}', 0, '', 131, NULL, '', '2024-12-30 17:01:52', NULL, '2024-12-30 17:01:52', b'0');
INSERT INTO `sys_oper_log` VALUES (37, '菜单管理', '修改菜单', 2, '<span class=log-light-span>菜单ID: <span class=height-light-span>79</span>信息被修改</span>', 'com.jcm.system.controller.SysMenuController.edit()', 'PUT', '2024-12-30 17:02:01', 1, 'admin', '/menu/', '127.0.0.1', '中国-江苏省-南京市-(电信)', '{\"component\":\"ceshi8\",\"icon\":\"权限\",\"keepAlive\":false,\"link\":\"\",\"menuId\":79,\"name\":\"ceshi822\",\"parentId\":48,\"permission\":\"\",\"sort\":900,\"type\":1,\"updateTime\":\"2024-12-30 17:02:01\",\"updater\":\"admin\",\"visible\":true}', '{\"msg\":\"操作成功\",\"code\":200}', 0, '', 12, NULL, '', '2024-12-30 17:02:02', NULL, '2024-12-30 17:02:02', b'0');
INSERT INTO `sys_oper_log` VALUES (38, '缓存列表', '修改用户设置信息', 2, NULL, 'com.jcm.system.controller.SysUserSettingController.edit()', 'PUT', '2024-12-30 17:02:13', 1, 'admin', '/sys-user-setting', '127.0.0.1', '中国-江苏省-南京市-(电信)', '{\"blur\":false,\"breadcrumb\":true,\"contrast\":false,\"copyright\":true,\"dataLoading\":true,\"grayscale\":false,\"hueRotate\":false,\"menu\":true,\"navigationBar\":true,\"saturate\":true,\"size\":10,\"tabs\":true,\"tabsIcon\":true,\"theme\":1,\"themeColor\":\"#6F68F6\",\"updateTime\":\"2024-12-30 17:02:13\",\"updater\":\"admin\",\"userId\":1,\"watermark\":true,\"weakColor\":false}', '{\"msg\":\"操作成功\",\"code\":200}', 0, '', 8, NULL, '', '2024-12-30 17:02:14', NULL, '2024-12-30 17:02:14', b'0');
INSERT INTO `sys_oper_log` VALUES (39, '数据字典项', '新增字典项', 1, '<span class=log-light-span>新增字典项<span class=height-light-span>测试</span></span>', 'com.jcm.system.controller.SysDictTypeController.add()', 'POST', '2024-12-30 17:28:02', 1, 'admin', '/dict-type/', '127.0.0.1', '中国-江苏省-南京市-(电信)', '{\"createTime\":\"2024-12-30 17:28:02\",\"creator\":\"admin\",\"description\":\"初始化\",\"dictTypeId\":37,\"extraSchema\":\"[]\",\"name\":\"测试\",\"type\":0,\"updateTime\":\"2024-12-30 17:28:02\"}', '{\"msg\":\"操作成功\",\"code\":200}', 0, '', 90, NULL, '', '2024-12-30 17:28:02', NULL, '2024-12-30 17:28:02', b'0');
INSERT INTO `sys_oper_log` VALUES (40, '数据字典项', '修改字典项', 2, '<span class=log-light-span>菜单ID: <span class=height-light-span>37</span>信息被修改</span>', 'com.jcm.system.controller.SysDictTypeController.edit()', 'PUT', '2024-12-30 17:28:07', 1, 'admin', '/dict-type/', '127.0.0.1', '中国-江苏省-南京市-(电信)', '{\"description\":\"初始化2\",\"dictTypeId\":37,\"extraSchema\":\"[]\",\"name\":\"测试\",\"type\":0,\"updateTime\":\"2024-12-30 17:28:07\",\"updater\":\"admin\"}', '{\"msg\":\"操作成功\",\"code\":200}', 0, '', 50, NULL, '', '2024-12-30 17:28:08', NULL, '2024-12-30 17:28:08', b'0');
INSERT INTO `sys_oper_log` VALUES (41, '数据字典值', '新增字典值', 1, '<span class=log-light-span>新增字典值<span class=height-light-span>测试 - 初始化2</span></span>', 'com.jcm.system.controller.SysDictDataController.add()', 'POST', '2024-12-30 18:00:21', 1, 'admin', '/dict-data', '127.0.0.1', '中国-江苏省-南京市-(电信)', '{\"createTime\":\"2024-12-30 18:00:21\",\"creator\":\"admin\",\"description\":\"www\",\"dictDataId\":50,\"dictTypeId\":\"37\",\"extra\":\"{}\",\"name\":\"测试 - 初始化2\",\"sort\":1,\"updateTime\":\"2024-12-30 18:00:21\",\"value\":\"ww\"}', '{\"msg\":\"操作成功\",\"code\":200}', 0, '', 61, NULL, '', '2024-12-30 18:00:22', NULL, '2024-12-30 18:00:22', b'0');
INSERT INTO `sys_oper_log` VALUES (42, '缓存列表', '修改用户设置信息', 2, NULL, 'com.jcm.system.controller.SysUserSettingController.edit()', 'PUT', '2024-12-30 18:02:36', 1, 'admin', '/sys-user-setting', '127.0.0.1', '中国-江苏省-南京市-(电信)', '{\"blur\":false,\"breadcrumb\":true,\"contrast\":false,\"copyright\":true,\"dataLoading\":false,\"grayscale\":false,\"hueRotate\":false,\"menu\":true,\"navigationBar\":true,\"saturate\":true,\"size\":10,\"tabs\":true,\"tabsIcon\":true,\"theme\":1,\"themeColor\":\"#6F68F6\",\"updateTime\":\"2024-12-30 18:02:36\",\"updater\":\"admin\",\"userId\":1,\"watermark\":true,\"weakColor\":false}', '{\"msg\":\"操作成功\",\"code\":200}', 0, '', 36, NULL, '', '2024-12-30 18:02:36', NULL, '2024-12-30 18:02:36', b'0');
INSERT INTO `sys_oper_log` VALUES (43, '缓存列表', '修改用户设置信息', 2, NULL, 'com.jcm.system.controller.SysUserSettingController.edit()', 'PUT', '2024-12-30 18:02:58', 1, 'admin', '/sys-user-setting', '127.0.0.1', '中国-江苏省-南京市-(电信)', '{\"blur\":false,\"breadcrumb\":true,\"contrast\":false,\"copyright\":true,\"dataLoading\":true,\"grayscale\":false,\"hueRotate\":false,\"menu\":true,\"navigationBar\":true,\"saturate\":true,\"size\":10,\"tabs\":true,\"tabsIcon\":true,\"theme\":1,\"themeColor\":\"#6F68F6\",\"updateTime\":\"2024-12-30 18:02:58\",\"updater\":\"admin\",\"userId\":1,\"watermark\":true,\"weakColor\":false}', '{\"msg\":\"操作成功\",\"code\":200}', 0, '', 8, NULL, '', '2024-12-30 18:02:58', NULL, '2024-12-30 18:02:58', b'0');
INSERT INTO `sys_oper_log` VALUES (44, '缓存列表', '修改用户设置信息', 2, NULL, 'com.jcm.system.controller.SysUserSettingController.edit()', 'PUT', '2024-12-30 18:18:09', 1, 'admin', '/sys-user-setting', '127.0.0.1', '中国-江苏省-南京市-(电信)', '{\"blur\":false,\"breadcrumb\":true,\"contrast\":false,\"copyright\":true,\"dataLoading\":false,\"grayscale\":false,\"hueRotate\":false,\"menu\":true,\"navigationBar\":true,\"saturate\":true,\"size\":10,\"tabs\":true,\"tabsIcon\":true,\"theme\":1,\"themeColor\":\"#6F68F6\",\"updateTime\":\"2024-12-30 18:18:09\",\"updater\":\"admin\",\"userId\":1,\"watermark\":true,\"weakColor\":false}', '{\"msg\":\"操作成功\",\"code\":200}', 0, '', 38, NULL, '', '2024-12-30 18:18:09', NULL, '2024-12-30 18:18:09', b'0');
INSERT INTO `sys_oper_log` VALUES (45, '缓存列表', '修改用户设置信息', 2, '<span class=log-light-span>新增字典值<span class=height-light-span>测试 - 初始化2</span></span>', 'com.jcm.system.controller.SysUserSettingController.edit()', 'PUT', '2024-12-30 19:12:28', 1, 'admin', '/sys-user-setting', '127.0.0.1', '中国-江苏省-南京市-(电信)', '{\"blur\":false,\"breadcrumb\":true,\"contrast\":false,\"copyright\":true,\"dataLoading\":true,\"grayscale\":false,\"hueRotate\":false,\"menu\":true,\"navigationBar\":true,\"saturate\":true,\"size\":10,\"tabs\":true,\"tabsIcon\":true,\"theme\":1,\"themeColor\":\"#6F68F6\",\"updateTime\":\"2024-12-30 19:12:28\",\"updater\":\"admin\",\"userId\":1,\"watermark\":true,\"weakColor\":false}', '{\"msg\":\"操作成功\",\"code\":200}', 0, '', 67, NULL, '', '2024-12-30 19:12:28', NULL, '2024-12-30 19:12:28', b'0');
INSERT INTO `sys_oper_log` VALUES (46, '菜单管理', '修改菜单', 2, '<span class=log-light-span>菜单ID: <span class=height-light-span>96</span>信息被修改</span>', 'com.jcm.system.controller.SysMenuController.edit()', 'PUT', '2024-12-30 19:54:01', 1, 'admin', '/menu/', '127.0.0.1', '中国-江苏省-南京市-(电信)', '{\"component\":\"link\",\"icon\":\"书签\",\"keepAlive\":false,\"link\":\"\",\"menuId\":96,\"name\":\"前端常用网页\",\"parentId\":0,\"permission\":\"\",\"sort\":420,\"type\":0,\"updateTime\":\"2024-12-30 19:54:01\",\"updater\":\"admin\",\"visible\":true}', '{\"msg\":\"操作成功\",\"code\":200}', 0, '', 94, NULL, '', '2024-12-30 19:54:02', NULL, '2024-12-30 19:54:02', b'0');
INSERT INTO `sys_oper_log` VALUES (47, '菜单管理', '新增菜单', 1, '<span class=log-light-span>新增菜单<span class=height-light-span>后端常用网页</span></span>', 'com.jcm.system.controller.SysMenuController.add()', 'POST', '2024-12-30 19:54:25', 1, 'admin', '/menu/', '127.0.0.1', '中国-江苏省-南京市-(电信)', '{\"component\":\"link2\",\"createTime\":\"2024-12-30 19:54:25\",\"creator\":\"admin\",\"icon\":\"书签\",\"isFrame\":false,\"keepAlive\":false,\"link\":\"\",\"menuId\":96,\"name\":\"后端常用网页\",\"parentId\":0,\"permission\":\"\",\"sort\":1100,\"type\":0,\"updateTime\":\"2024-12-30 19:54:25\",\"visible\":true}', '', 1, '<span class=height-light-span-error>\r\n### Error updating database.  Cause: java.sql.SQLIntegrityConstraintViolationException: Duplicate entry \'96\' for key \'sys_menu.PRIMARY\'\r\n### The error may exist in com/jcm/system/mapper/SysMenuMapper.java (best guess)\r\n### The error may involve com.jcm.system.mapper.SysMenuMapper.insert-Inline\r\n### The error occurred while setting parameters\r\n### SQL: INSERT INTO sys_menu  ( menu_id, name, permission, type, sort, parent_id, icon, component, link, is_frame,  visible, keep_alive, creator, create_time,  update_time )  VALUES (  ?, ?, ?, ?, ?, ?, ?, ?, ?, ?,  ?, ?, ?, ?,  ?  )\r\n### Cause: java.sql.SQLIntegrityConstraintViolationException: Duplicate entry \'96\' for key \'sys_menu.PRIMARY\'\n; Duplicate entry \'96\' for key \'sys_menu.PRIMARY\'; nested exception is java.sql.SQLIntegrityConstraintViolationException: Duplicate entry \'96\' for key \'sys_menu.PRIMARY\'</span>', 101, NULL, '', '2024-12-30 19:54:26', NULL, '2024-12-30 19:54:26', b'0');
INSERT INTO `sys_oper_log` VALUES (48, '菜单管理', '新增菜单', 1, '<span class=log-light-span>新增菜单<span class=height-light-span>后端常用网页</span></span>', 'com.jcm.system.controller.SysMenuController.add()', 'POST', '2024-12-30 19:54:40', 1, 'admin', '/menu/', '127.0.0.1', '中国-江苏省-南京市-(电信)', '{\"component\":\"link2\",\"createTime\":\"2024-12-30 19:54:40\",\"creator\":\"admin\",\"icon\":\"书签\",\"isFrame\":false,\"keepAlive\":false,\"link\":\"\",\"menuId\":96,\"name\":\"后端常用网页\",\"parentId\":0,\"permission\":\"\",\"sort\":1100,\"type\":0,\"updateTime\":\"2024-12-30 19:54:40\",\"visible\":true}', '', 1, '<span class=height-light-span-error>\r\n### Error updating database.  Cause: java.sql.SQLIntegrityConstraintViolationException: Duplicate entry \'96\' for key \'sys_menu.PRIMARY\'\r\n### The error may exist in com/jcm/system/mapper/SysMenuMapper.java (best guess)\r\n### The error may involve com.jcm.system.mapper.SysMenuMapper.insert-Inline\r\n### The error occurred while setting parameters\r\n### SQL: INSERT INTO sys_menu  ( menu_id, name, permission, type, sort, parent_id, icon, component, link, is_frame,  visible, keep_alive, creator, create_time,  update_time )  VALUES (  ?, ?, ?, ?, ?, ?, ?, ?, ?, ?,  ?, ?, ?, ?,  ?  )\r\n### Cause: java.sql.SQLIntegrityConstraintViolationException: Duplicate entry \'96\' for key \'sys_menu.PRIMARY\'\n; Duplicate entry \'96\' for key \'sys_menu.PRIMARY\'; nested exception is java.sql.SQLIntegrityConstraintViolationException: Duplicate entry \'96\' for key \'sys_menu.PRIMARY\'</span>', 12, NULL, '', '2024-12-30 19:54:40', NULL, '2024-12-30 19:54:40', b'0');
INSERT INTO `sys_oper_log` VALUES (49, '菜单管理', '新增菜单', 1, '<span class=log-light-span>新增菜单<span class=height-light-span>后端常用网页</span></span>', 'com.jcm.system.controller.SysMenuController.add()', 'POST', '2024-12-30 20:08:42', 1, 'admin', '/menu/', '127.0.0.1', '中国-江苏省-南京市-(电信)', '{\"component\":\"link2\",\"createTime\":\"2024-12-30 20:08:42\",\"creator\":\"admin\",\"icon\":\"书签\",\"isFrame\":false,\"keepAlive\":false,\"menuId\":108,\"name\":\"后端常用网页\",\"parentId\":0,\"permission\":\"\",\"sort\":1100,\"type\":0,\"updateTime\":\"2024-12-30 20:08:42\",\"visible\":true}', '{\"msg\":\"操作成功\",\"code\":200}', 0, '', 66, NULL, '', '2024-12-30 20:08:43', NULL, '2024-12-30 20:08:43', b'0');
INSERT INTO `sys_oper_log` VALUES (50, '菜单管理', '新增菜单', 1, '<span class=log-light-span>新增菜单<span class=height-light-span>knife4j</span></span>', 'com.jcm.system.controller.SysMenuController.add()', 'POST', '2024-12-30 20:12:33', 1, 'admin', '/menu/', '127.0.0.1', '中国-江苏省-南京市-(电信)', '{\"createTime\":\"2024-12-30 20:12:33\",\"creator\":\"admin\",\"icon\":\"收藏\",\"isFrame\":true,\"keepAlive\":false,\"link\":\"https://doc.xiaominfo.com/v2/documentation/description.html\",\"menuId\":109,\"name\":\"knife4j\",\"parentId\":108,\"permission\":\"\",\"sort\":100,\"type\":1,\"updateTime\":\"2024-12-30 20:12:33\",\"visible\":true}', '{\"msg\":\"操作成功\",\"code\":200}', 0, '', 22, NULL, '', '2024-12-30 20:12:34', NULL, '2024-12-30 20:12:34', b'0');
INSERT INTO `sys_oper_log` VALUES (51, '菜单管理', '修改菜单', 2, '<span class=log-light-span>菜单ID: <span class=height-light-span>109</span>信息被修改</span>', 'com.jcm.system.controller.SysMenuController.edit()', 'PUT', '2024-12-30 20:30:54', 1, 'admin', '/menu/', '127.0.0.1', '中国-江苏省-南京市-(电信)', '{\"icon\":\"收藏\",\"keepAlive\":false,\"link\":\"https://doc.xiaominfo.com/v2/documentation/description.html\",\"menuId\":109,\"name\":\"knife4j\",\"parentId\":108,\"permission\":\"\",\"sort\":100,\"type\":1,\"updateTime\":\"2024-12-30 20:30:54\",\"updater\":\"admin\",\"visible\":true}', '{\"msg\":\"操作成功\",\"code\":200}', 0, '', 55, NULL, '', '2024-12-30 20:30:55', NULL, '2024-12-30 20:30:55', b'0');
INSERT INTO `sys_oper_log` VALUES (52, '菜单管理', '删除菜单', 3, '<span class=log-light-span>删除<span class=height-light-span>1</span>条菜单信息</span>', 'com.jcm.system.controller.SysMenuController.delete()', 'DELETE', '2024-12-30 20:31:04', 1, 'admin', '/menu/108', '127.0.0.1', '中国-江苏省-南京市-(电信)', '{}', '{\"msg\":\"操作成功\",\"code\":200}', 0, '', 17, NULL, '', '2024-12-30 20:31:05', NULL, '2024-12-30 20:31:05', b'0');
INSERT INTO `sys_oper_log` VALUES (53, '菜单管理', '修改菜单', 2, '<span class=log-light-span>菜单ID: <span class=height-light-span>94</span>信息被修改</span>', 'com.jcm.system.controller.SysMenuController.edit()', 'PUT', '2024-12-30 21:02:29', 1, 'admin', '/menu/', '127.0.0.1', '中国-江苏省-南京市-(电信)', '{\"component\":\"aiGen\",\"icon\":\"AI\",\"keepAlive\":false,\"link\":\"\",\"menuId\":94,\"name\":\"AI表结构生成\",\"parentId\":92,\"permission\":\"\",\"sort\":1200,\"type\":1,\"updateTime\":\"2024-12-30 21:02:29\",\"updater\":\"admin\",\"visible\":true}', '{\"msg\":\"操作成功\",\"code\":200}', 0, '', 61, NULL, '', '2024-12-30 21:02:30', NULL, '2024-12-30 21:02:30', b'0');
INSERT INTO `sys_oper_log` VALUES (54, '菜单管理', '修改菜单', 2, '<span class=log-light-span>菜单ID: <span class=height-light-span>94</span>信息被修改</span>', 'com.jcm.system.controller.SysMenuController.edit()', 'PUT', '2024-12-30 21:07:02', 1, 'admin', '/menu/', '127.0.0.1', '中国-江苏省-南京市-(电信)', '{\"component\":\"aiTableGen\",\"icon\":\"AI\",\"keepAlive\":false,\"link\":\"\",\"menuId\":94,\"name\":\"AI表结构生成\",\"parentId\":92,\"permission\":\"\",\"sort\":1200,\"type\":1,\"updateTime\":\"2024-12-30 21:07:02\",\"updater\":\"admin\",\"visible\":true}', '{\"msg\":\"操作成功\",\"code\":200}', 0, '', 72, NULL, '', '2024-12-30 21:07:02', NULL, '2024-12-30 21:07:02', b'0');
INSERT INTO `sys_oper_log` VALUES (55, '缓存列表', '修改用户设置信息', 2, NULL, 'com.jcm.system.controller.SysUserSettingController.edit()', 'PUT', '2024-12-31 16:58:17', 1, 'admin', '/sys-user-setting', '127.0.0.1', '中国-江苏省-南京市-(电信)', '{\"blur\":false,\"breadcrumb\":true,\"contrast\":false,\"copyright\":true,\"dataLoading\":true,\"grayscale\":false,\"hueRotate\":false,\"menu\":true,\"navigationBar\":true,\"saturate\":true,\"size\":10,\"tabs\":true,\"tabsIcon\":true,\"theme\":1,\"themeColor\":\"#ee1871\",\"updateTime\":\"2024-12-31 16:58:17\",\"updater\":\"admin\",\"userId\":1,\"watermark\":true,\"weakColor\":false}', '{\"msg\":\"操作成功\",\"code\":200}', 0, '', 373, NULL, '', '2024-12-31 16:58:18', NULL, '2024-12-31 16:58:18', b'0');
INSERT INTO `sys_oper_log` VALUES (56, '数据字典项', '新增字典项', 1, '<span class=log-light-span>新增字典项<span class=height-light-span>mysql类型</span></span>', 'com.jcm.system.controller.SysDictTypeController.add()', 'POST', '2024-12-31 18:14:00', 1, 'admin', '/dict-type/', '127.0.0.1', '中国-江苏省-南京市-(电信)', '{\"createTime\":\"2024-12-31 18:14:00\",\"creator\":\"admin\",\"description\":\"表生成器的类型可选项\",\"dictTypeId\":38,\"extraSchema\":\"[]\",\"name\":\"mysql类型\",\"type\":0,\"updateTime\":\"2024-12-31 18:14:00\"}', '{\"msg\":\"操作成功\",\"code\":200}', 0, '', 54, NULL, '', '2024-12-31 18:14:00', NULL, '2024-12-31 18:14:00', b'0');
INSERT INTO `sys_oper_log` VALUES (57, '数据字典项', '删除字典项', 3, '<span class=log-light-span>删除<span class=height-light-span>1</span>条字典项信息</span>', 'com.jcm.system.controller.SysDictTypeController.delete()', 'DELETE', '2024-12-31 18:14:03', 1, 'admin', '/dict-type/', '127.0.0.1', '中国-江苏省-南京市-(电信)', '{}', '{\"msg\":\"操作成功\",\"code\":200}', 0, '', 17, NULL, '', '2024-12-31 18:14:03', NULL, '2024-12-31 18:14:03', b'0');
INSERT INTO `sys_oper_log` VALUES (58, '数据字典值', '新增字典值', 1, '<span class=log-light-span>新增字典值<span class=height-light-span>mysql类型 - 表生成器的类型可选项</span></span>', 'com.jcm.system.controller.SysDictDataController.add()', 'POST', '2024-12-31 18:15:01', 1, 'admin', '/dict-data', '127.0.0.1', '中国-江苏省-南京市-(电信)', '{\"createTime\":\"2024-12-31 18:15:01\",\"creator\":\"admin\",\"description\":\"bigint\",\"dictDataId\":51,\"dictTypeId\":\"38\",\"extra\":\"{}\",\"name\":\"mysql类型 - 表生成器的类型可选项\",\"sort\":1,\"updateTime\":\"2024-12-31 18:15:01\",\"value\":\"bigint\"}', '{\"msg\":\"操作成功\",\"code\":200}', 0, '', 14, NULL, '', '2024-12-31 18:15:01', NULL, '2024-12-31 18:15:01', b'0');
INSERT INTO `sys_oper_log` VALUES (59, '数据字典值', '新增字典值', 1, '<span class=log-light-span>新增字典值<span class=height-light-span>mysql类型 - 表生成器的类型可选项</span></span>', 'com.jcm.system.controller.SysDictDataController.add()', 'POST', '2024-12-31 18:19:27', 1, 'admin', '/dict-data', '127.0.0.1', '中国-江苏省-南京市-(电信)', '{\"createTime\":\"2024-12-31 18:19:27\",\"creator\":\"admin\",\"description\":\"binary\",\"dictDataId\":52,\"dictTypeId\":\"38\",\"extra\":\"{}\",\"name\":\"mysql类型 - 表生成器的类型可选项\",\"sort\":2,\"updateTime\":\"2024-12-31 18:19:27\",\"value\":\"binary\"}', '{\"msg\":\"操作成功\",\"code\":200}', 0, '', 20, NULL, '', '2024-12-31 18:19:28', NULL, '2024-12-31 18:19:28', b'0');
INSERT INTO `sys_oper_log` VALUES (60, '数据字典值', '新增字典值', 1, '<span class=log-light-span>新增字典值<span class=height-light-span>mysql类型 - 表生成器的类型可选项</span></span>', 'com.jcm.system.controller.SysDictDataController.add()', 'POST', '2024-12-31 18:19:36', 1, 'admin', '/dict-data', '127.0.0.1', '中国-江苏省-南京市-(电信)', '{\"createTime\":\"2024-12-31 18:19:36\",\"creator\":\"admin\",\"description\":\"bit\",\"dictDataId\":53,\"dictTypeId\":\"38\",\"extra\":\"{}\",\"name\":\"mysql类型 - 表生成器的类型可选项\",\"sort\":3,\"updateTime\":\"2024-12-31 18:19:36\",\"value\":\"bit\"}', '{\"msg\":\"操作成功\",\"code\":200}', 0, '', 49, NULL, '', '2024-12-31 18:19:36', NULL, '2024-12-31 18:19:36', b'0');
INSERT INTO `sys_oper_log` VALUES (61, '数据字典值', '新增字典值', 1, '<span class=log-light-span>新增字典值<span class=height-light-span>mysql类型 - 表生成器的类型可选项</span></span>', 'com.jcm.system.controller.SysDictDataController.add()', 'POST', '2024-12-31 18:19:50', 1, 'admin', '/dict-data', '127.0.0.1', '中国-江苏省-南京市-(电信)', '{\"createTime\":\"2024-12-31 18:19:50\",\"creator\":\"admin\",\"description\":\"blob\",\"dictDataId\":54,\"dictTypeId\":\"38\",\"extra\":\"{}\",\"name\":\"mysql类型 - 表生成器的类型可选项\",\"sort\":4,\"updateTime\":\"2024-12-31 18:19:50\",\"value\":\"blob\"}', '{\"msg\":\"操作成功\",\"code\":200}', 0, '', 11, NULL, '', '2024-12-31 18:19:50', NULL, '2024-12-31 18:19:50', b'0');
INSERT INTO `sys_oper_log` VALUES (62, '数据字典值', '新增字典值', 1, '<span class=log-light-span>新增字典值<span class=height-light-span>mysql类型 - 表生成器的类型可选项</span></span>', 'com.jcm.system.controller.SysDictDataController.add()', 'POST', '2024-12-31 18:20:00', 1, 'admin', '/dict-data', '127.0.0.1', '中国-江苏省-南京市-(电信)', '{\"createTime\":\"2024-12-31 18:20:00\",\"creator\":\"admin\",\"description\":\"char\",\"dictDataId\":55,\"dictTypeId\":\"38\",\"extra\":\"{}\",\"name\":\"mysql类型 - 表生成器的类型可选项\",\"sort\":5,\"updateTime\":\"2024-12-31 18:20:00\",\"value\":\"char\"}', '{\"msg\":\"操作成功\",\"code\":200}', 0, '', 8, NULL, '', '2024-12-31 18:20:00', NULL, '2024-12-31 18:20:00', b'0');
INSERT INTO `sys_oper_log` VALUES (63, '数据字典值', '新增字典值', 1, '<span class=log-light-span>新增字典值<span class=height-light-span>mysql类型 - 表生成器的类型可选项</span></span>', 'com.jcm.system.controller.SysDictDataController.add()', 'POST', '2024-12-31 18:20:16', 1, 'admin', '/dict-data', '127.0.0.1', '中国-江苏省-南京市-(电信)', '{\"createTime\":\"2024-12-31 18:20:16\",\"creator\":\"admin\",\"description\":\"date\",\"dictDataId\":56,\"dictTypeId\":\"38\",\"extra\":\"{}\",\"name\":\"mysql类型 - 表生成器的类型可选项\",\"sort\":6,\"updateTime\":\"2024-12-31 18:20:16\",\"value\":\"date\"}', '{\"msg\":\"操作成功\",\"code\":200}', 0, '', 9, NULL, '', '2024-12-31 18:20:17', NULL, '2024-12-31 18:20:17', b'0');
INSERT INTO `sys_oper_log` VALUES (64, '数据字典值', '新增字典值', 1, '<span class=log-light-span>新增字典值<span class=height-light-span>mysql类型 - 表生成器的类型可选项</span></span>', 'com.jcm.system.controller.SysDictDataController.add()', 'POST', '2024-12-31 18:21:03', 1, 'admin', '/dict-data', '127.0.0.1', '中国-江苏省-南京市-(电信)', '{\"createTime\":\"2024-12-31 18:21:03\",\"creator\":\"admin\",\"description\":\"datetime\",\"dictDataId\":57,\"dictTypeId\":\"38\",\"extra\":\"{}\",\"name\":\"mysql类型 - 表生成器的类型可选项\",\"sort\":7,\"updateTime\":\"2024-12-31 18:21:03\",\"value\":\"datetime\"}', '{\"msg\":\"操作成功\",\"code\":200}', 0, '', 8, NULL, '', '2024-12-31 18:21:04', NULL, '2024-12-31 18:21:04', b'0');
INSERT INTO `sys_oper_log` VALUES (65, '数据字典值', '新增字典值', 1, '<span class=log-light-span>新增字典值<span class=height-light-span>mysql类型 - 表生成器的类型可选项</span></span>', 'com.jcm.system.controller.SysDictDataController.add()', 'POST', '2024-12-31 18:21:14', 1, 'admin', '/dict-data', '127.0.0.1', '中国-江苏省-南京市-(电信)', '{\"createTime\":\"2024-12-31 18:21:14\",\"creator\":\"admin\",\"description\":\"decimal\",\"dictDataId\":58,\"dictTypeId\":\"38\",\"extra\":\"{}\",\"name\":\"mysql类型 - 表生成器的类型可选项\",\"sort\":8,\"updateTime\":\"2024-12-31 18:21:14\",\"value\":\"decimal\"}', '{\"msg\":\"操作成功\",\"code\":200}', 0, '', 9, NULL, '', '2024-12-31 18:21:14', NULL, '2024-12-31 18:21:14', b'0');
INSERT INTO `sys_oper_log` VALUES (66, '数据字典值', '新增字典值', 1, '<span class=log-light-span>新增字典值<span class=height-light-span>mysql类型 - 表生成器的类型可选项</span></span>', 'com.jcm.system.controller.SysDictDataController.add()', 'POST', '2024-12-31 18:21:22', 1, 'admin', '/dict-data', '127.0.0.1', '中国-江苏省-南京市-(电信)', '{\"createTime\":\"2024-12-31 18:21:22\",\"creator\":\"admin\",\"description\":\"double\",\"dictDataId\":59,\"dictTypeId\":\"38\",\"extra\":\"{}\",\"name\":\"mysql类型 - 表生成器的类型可选项\",\"sort\":9,\"updateTime\":\"2024-12-31 18:21:22\",\"value\":\"double\"}', '{\"msg\":\"操作成功\",\"code\":200}', 0, '', 8, NULL, '', '2024-12-31 18:21:23', NULL, '2024-12-31 18:21:23', b'0');
INSERT INTO `sys_oper_log` VALUES (67, '数据字典值', '新增字典值', 1, '<span class=log-light-span>新增字典值<span class=height-light-span>mysql类型 - 表生成器的类型可选项</span></span>', 'com.jcm.system.controller.SysDictDataController.add()', 'POST', '2024-12-31 18:21:38', 1, 'admin', '/dict-data', '127.0.0.1', '中国-江苏省-南京市-(电信)', '{\"createTime\":\"2024-12-31 18:21:38\",\"creator\":\"admin\",\"description\":\"enum\",\"dictDataId\":60,\"dictTypeId\":\"38\",\"extra\":\"{}\",\"name\":\"mysql类型 - 表生成器的类型可选项\",\"sort\":10,\"updateTime\":\"2024-12-31 18:21:38\",\"value\":\"enum\"}', '{\"msg\":\"操作成功\",\"code\":200}', 0, '', 7, NULL, '', '2024-12-31 18:21:38', NULL, '2024-12-31 18:21:38', b'0');
INSERT INTO `sys_oper_log` VALUES (68, '数据字典值', '新增字典值', 1, '<span class=log-light-span>新增字典值<span class=height-light-span>mysql类型 - 表生成器的类型可选项</span></span>', 'com.jcm.system.controller.SysDictDataController.add()', 'POST', '2024-12-31 18:21:51', 1, 'admin', '/dict-data', '127.0.0.1', '中国-江苏省-南京市-(电信)', '{\"createTime\":\"2024-12-31 18:21:51\",\"creator\":\"admin\",\"description\":\"float\",\"dictDataId\":61,\"dictTypeId\":\"38\",\"extra\":\"{}\",\"name\":\"mysql类型 - 表生成器的类型可选项\",\"sort\":11,\"updateTime\":\"2024-12-31 18:21:51\",\"value\":\"float\"}', '{\"msg\":\"操作成功\",\"code\":200}', 0, '', 11, NULL, '', '2024-12-31 18:21:52', NULL, '2024-12-31 18:21:52', b'0');
INSERT INTO `sys_oper_log` VALUES (69, '数据字典值', '新增字典值', 1, '<span class=log-light-span>新增字典值<span class=height-light-span>mysql类型 - 表生成器的类型可选项</span></span>', 'com.jcm.system.controller.SysDictDataController.add()', 'POST', '2024-12-31 18:22:07', 1, 'admin', '/dict-data', '127.0.0.1', '中国-江苏省-南京市-(电信)', '{\"createTime\":\"2024-12-31 18:22:07\",\"creator\":\"admin\",\"description\":\"geometry\",\"dictDataId\":62,\"dictTypeId\":\"38\",\"extra\":\"{}\",\"name\":\"mysql类型 - 表生成器的类型可选项\",\"sort\":12,\"updateTime\":\"2024-12-31 18:22:07\",\"value\":\"geometry\"}', '{\"msg\":\"操作成功\",\"code\":200}', 0, '', 11, NULL, '', '2024-12-31 18:22:07', NULL, '2024-12-31 18:22:07', b'0');
INSERT INTO `sys_oper_log` VALUES (70, '数据字典值', '新增字典值', 1, '<span class=log-light-span>新增字典值<span class=height-light-span>mysql类型 - 表生成器的类型可选项</span></span>', 'com.jcm.system.controller.SysDictDataController.add()', 'POST', '2024-12-31 18:23:04', 1, 'admin', '/dict-data', '127.0.0.1', '中国-江苏省-南京市-(电信)', '{\"createTime\":\"2024-12-31 18:23:04\",\"creator\":\"admin\",\"description\":\"geometrycollection\",\"dictDataId\":63,\"dictTypeId\":\"38\",\"extra\":\"{}\",\"name\":\"mysql类型 - 表生成器的类型可选项\",\"sort\":13,\"updateTime\":\"2024-12-31 18:23:04\",\"value\":\"geometrycollection\"}', '{\"msg\":\"操作成功\",\"code\":200}', 0, '', 13, NULL, '', '2024-12-31 18:23:05', NULL, '2024-12-31 18:23:05', b'0');
INSERT INTO `sys_oper_log` VALUES (71, '数据字典值', '新增字典值', 1, '<span class=log-light-span>新增字典值<span class=height-light-span>mysql类型 - 表生成器的类型可选项</span></span>', 'com.jcm.system.controller.SysDictDataController.add()', 'POST', '2024-12-31 18:23:28', 1, 'admin', '/dict-data', '127.0.0.1', '中国-江苏省-南京市-(电信)', '{\"createTime\":\"2024-12-31 18:23:28\",\"creator\":\"admin\",\"description\":\"int\",\"dictDataId\":64,\"dictTypeId\":\"38\",\"extra\":\"{}\",\"name\":\"mysql类型 - 表生成器的类型可选项\",\"sort\":14,\"updateTime\":\"2024-12-31 18:23:28\",\"value\":\"int\"}', '{\"msg\":\"操作成功\",\"code\":200}', 0, '', 7, NULL, '', '2024-12-31 18:23:28', NULL, '2024-12-31 18:23:28', b'0');
INSERT INTO `sys_oper_log` VALUES (72, '数据字典值', '新增字典值', 1, '<span class=log-light-span>新增字典值<span class=height-light-span>mysql类型 - 表生成器的类型可选项</span></span>', 'com.jcm.system.controller.SysDictDataController.add()', 'POST', '2024-12-31 18:23:38', 1, 'admin', '/dict-data', '127.0.0.1', '中国-江苏省-南京市-(电信)', '{\"createTime\":\"2024-12-31 18:23:38\",\"creator\":\"admin\",\"description\":\"integer\",\"dictDataId\":65,\"dictTypeId\":\"38\",\"extra\":\"{}\",\"name\":\"mysql类型 - 表生成器的类型可选项\",\"sort\":15,\"updateTime\":\"2024-12-31 18:23:38\",\"value\":\"integer\"}', '{\"msg\":\"操作成功\",\"code\":200}', 0, '', 11, NULL, '', '2024-12-31 18:23:38', NULL, '2024-12-31 18:23:38', b'0');
INSERT INTO `sys_oper_log` VALUES (73, '数据字典值', '新增字典值', 1, '<span class=log-light-span>新增字典值<span class=height-light-span>mysql类型 - 表生成器的类型可选项</span></span>', 'com.jcm.system.controller.SysDictDataController.add()', 'POST', '2024-12-31 18:23:48', 1, 'admin', '/dict-data', '127.0.0.1', '中国-江苏省-南京市-(电信)', '{\"createTime\":\"2024-12-31 18:23:48\",\"creator\":\"admin\",\"description\":\"json\",\"dictDataId\":66,\"dictTypeId\":\"38\",\"extra\":\"{}\",\"name\":\"mysql类型 - 表生成器的类型可选项\",\"sort\":16,\"updateTime\":\"2024-12-31 18:23:48\",\"value\":\"json\"}', '{\"msg\":\"操作成功\",\"code\":200}', 0, '', 11, NULL, '', '2024-12-31 18:23:48', NULL, '2024-12-31 18:23:48', b'0');
INSERT INTO `sys_oper_log` VALUES (74, '数据字典值', '新增字典值', 1, '<span class=log-light-span>新增字典值<span class=height-light-span>mysql类型 - 表生成器的类型可选项</span></span>', 'com.jcm.system.controller.SysDictDataController.add()', 'POST', '2024-12-31 18:23:57', 1, 'admin', '/dict-data', '127.0.0.1', '中国-江苏省-南京市-(电信)', '{\"createTime\":\"2024-12-31 18:23:57\",\"creator\":\"admin\",\"description\":\"linestring\",\"dictDataId\":67,\"dictTypeId\":\"38\",\"extra\":\"{}\",\"name\":\"mysql类型 - 表生成器的类型可选项\",\"sort\":17,\"updateTime\":\"2024-12-31 18:23:57\",\"value\":\"linestring\"}', '{\"msg\":\"操作成功\",\"code\":200}', 0, '', 7, NULL, '', '2024-12-31 18:23:57', NULL, '2024-12-31 18:23:57', b'0');
INSERT INTO `sys_oper_log` VALUES (75, '数据字典值', '新增字典值', 1, '<span class=log-light-span>新增字典值<span class=height-light-span>mysql类型 - 表生成器的类型可选项</span></span>', 'com.jcm.system.controller.SysDictDataController.add()', 'POST', '2024-12-31 18:25:35', 1, 'admin', '/dict-data', '127.0.0.1', '中国-江苏省-南京市-(电信)', '{\"createTime\":\"2024-12-31 18:25:35\",\"creator\":\"admin\",\"description\":\"longblob\",\"dictDataId\":68,\"dictTypeId\":\"38\",\"extra\":\"{}\",\"name\":\"mysql类型 - 表生成器的类型可选项\",\"sort\":18,\"updateTime\":\"2024-12-31 18:25:35\",\"value\":\"longblob\"}', '{\"msg\":\"操作成功\",\"code\":200}', 0, '', 10, NULL, '', '2024-12-31 18:25:35', NULL, '2024-12-31 18:25:35', b'0');
INSERT INTO `sys_oper_log` VALUES (76, '数据字典值', '新增字典值', 1, '<span class=log-light-span>新增字典值<span class=height-light-span>mysql类型 - 表生成器的类型可选项</span></span>', 'com.jcm.system.controller.SysDictDataController.add()', 'POST', '2024-12-31 18:25:47', 1, 'admin', '/dict-data', '127.0.0.1', '中国-江苏省-南京市-(电信)', '{\"createTime\":\"2024-12-31 18:25:47\",\"creator\":\"admin\",\"description\":\"longtext\",\"dictDataId\":69,\"dictTypeId\":\"38\",\"extra\":\"{}\",\"name\":\"mysql类型 - 表生成器的类型可选项\",\"sort\":19,\"updateTime\":\"2024-12-31 18:25:47\",\"value\":\"longtext\"}', '{\"msg\":\"操作成功\",\"code\":200}', 0, '', 7, NULL, '', '2024-12-31 18:25:47', NULL, '2024-12-31 18:25:47', b'0');
INSERT INTO `sys_oper_log` VALUES (77, '数据字典值', '新增字典值', 1, '<span class=log-light-span>新增字典值<span class=height-light-span>mysql类型 - 表生成器的类型可选项</span></span>', 'com.jcm.system.controller.SysDictDataController.add()', 'POST', '2024-12-31 18:25:57', 1, 'admin', '/dict-data', '127.0.0.1', '中国-江苏省-南京市-(电信)', '{\"createTime\":\"2024-12-31 18:25:57\",\"creator\":\"admin\",\"description\":\"mediumblob\",\"dictDataId\":70,\"dictTypeId\":\"38\",\"extra\":\"{}\",\"name\":\"mysql类型 - 表生成器的类型可选项\",\"sort\":20,\"updateTime\":\"2024-12-31 18:25:57\",\"value\":\"mediumblob\"}', '{\"msg\":\"操作成功\",\"code\":200}', 0, '', 11, NULL, '', '2024-12-31 18:25:57', NULL, '2024-12-31 18:25:57', b'0');
INSERT INTO `sys_oper_log` VALUES (78, '数据字典值', '新增字典值', 1, '<span class=log-light-span>新增字典值<span class=height-light-span>mysql类型 - 表生成器的类型可选项</span></span>', 'com.jcm.system.controller.SysDictDataController.add()', 'POST', '2024-12-31 18:26:03', 1, 'admin', '/dict-data', '127.0.0.1', '中国-江苏省-南京市-(电信)', '{\"createTime\":\"2024-12-31 18:26:03\",\"creator\":\"admin\",\"description\":\"mediumint\",\"dictDataId\":71,\"dictTypeId\":\"38\",\"extra\":\"{}\",\"name\":\"mysql类型 - 表生成器的类型可选项\",\"sort\":21,\"updateTime\":\"2024-12-31 18:26:03\",\"value\":\"mediumint\"}', '{\"msg\":\"操作成功\",\"code\":200}', 0, '', 6, NULL, '', '2024-12-31 18:26:04', NULL, '2024-12-31 18:26:04', b'0');
INSERT INTO `sys_oper_log` VALUES (79, '数据字典值', '新增字典值', 1, '<span class=log-light-span>新增字典值<span class=height-light-span>mysql类型 - 表生成器的类型可选项</span></span>', 'com.jcm.system.controller.SysDictDataController.add()', 'POST', '2024-12-31 18:26:10', 1, 'admin', '/dict-data', '127.0.0.1', '中国-江苏省-南京市-(电信)', '{\"createTime\":\"2024-12-31 18:26:10\",\"creator\":\"admin\",\"description\":\"mediumtext\",\"dictDataId\":72,\"dictTypeId\":\"38\",\"extra\":\"{}\",\"name\":\"mysql类型 - 表生成器的类型可选项\",\"sort\":22,\"updateTime\":\"2024-12-31 18:26:10\",\"value\":\"mediumtext\"}', '{\"msg\":\"操作成功\",\"code\":200}', 0, '', 9, NULL, '', '2024-12-31 18:26:11', NULL, '2024-12-31 18:26:11', b'0');
INSERT INTO `sys_oper_log` VALUES (80, '数据字典值', '新增字典值', 1, '<span class=log-light-span>新增字典值<span class=height-light-span>mysql类型 - 表生成器的类型可选项</span></span>', 'com.jcm.system.controller.SysDictDataController.add()', 'POST', '2024-12-31 18:27:01', 1, 'admin', '/dict-data', '127.0.0.1', '中国-江苏省-南京市-(电信)', '{\"createTime\":\"2024-12-31 18:27:01\",\"creator\":\"admin\",\"description\":\"multilinestring\",\"dictDataId\":73,\"dictTypeId\":\"38\",\"extra\":\"{}\",\"name\":\"mysql类型 - 表生成器的类型可选项\",\"sort\":23,\"updateTime\":\"2024-12-31 18:27:01\",\"value\":\"multilinestring\"}', '{\"msg\":\"操作成功\",\"code\":200}', 0, '', 11, NULL, '', '2024-12-31 18:27:01', NULL, '2024-12-31 18:27:01', b'0');
INSERT INTO `sys_oper_log` VALUES (81, '数据字典值', '新增字典值', 1, '<span class=log-light-span>新增字典值<span class=height-light-span>mysql类型 - 表生成器的类型可选项</span></span>', 'com.jcm.system.controller.SysDictDataController.add()', 'POST', '2024-12-31 18:27:08', 1, 'admin', '/dict-data', '127.0.0.1', '中国-江苏省-南京市-(电信)', '{\"createTime\":\"2024-12-31 18:27:08\",\"creator\":\"admin\",\"description\":\"multipoint\",\"dictDataId\":74,\"dictTypeId\":\"38\",\"extra\":\"{}\",\"name\":\"mysql类型 - 表生成器的类型可选项\",\"sort\":24,\"updateTime\":\"2024-12-31 18:27:08\",\"value\":\"multipoint\"}', '{\"msg\":\"操作成功\",\"code\":200}', 0, '', 11, NULL, '', '2024-12-31 18:27:08', NULL, '2024-12-31 18:27:08', b'0');
INSERT INTO `sys_oper_log` VALUES (82, '数据字典值', '新增字典值', 1, '<span class=log-light-span>新增字典值<span class=height-light-span>mysql类型 - 表生成器的类型可选项</span></span>', 'com.jcm.system.controller.SysDictDataController.add()', 'POST', '2024-12-31 18:27:16', 1, 'admin', '/dict-data', '127.0.0.1', '中国-江苏省-南京市-(电信)', '{\"createTime\":\"2024-12-31 18:27:16\",\"creator\":\"admin\",\"description\":\"multipolygon\",\"dictDataId\":75,\"dictTypeId\":\"38\",\"extra\":\"{}\",\"name\":\"mysql类型 - 表生成器的类型可选项\",\"sort\":25,\"updateTime\":\"2024-12-31 18:27:16\",\"value\":\"multipolygon\"}', '{\"msg\":\"操作成功\",\"code\":200}', 0, '', 9, NULL, '', '2024-12-31 18:27:16', NULL, '2024-12-31 18:27:16', b'0');
INSERT INTO `sys_oper_log` VALUES (83, '数据字典值', '新增字典值', 1, '<span class=log-light-span>新增字典值<span class=height-light-span>mysql类型 - 表生成器的类型可选项</span></span>', 'com.jcm.system.controller.SysDictDataController.add()', 'POST', '2024-12-31 18:27:23', 1, 'admin', '/dict-data', '127.0.0.1', '中国-江苏省-南京市-(电信)', '{\"createTime\":\"2024-12-31 18:27:23\",\"creator\":\"admin\",\"description\":\"numeric\",\"dictDataId\":76,\"dictTypeId\":\"38\",\"extra\":\"{}\",\"name\":\"mysql类型 - 表生成器的类型可选项\",\"sort\":26,\"updateTime\":\"2024-12-31 18:27:23\",\"value\":\"numeric\"}', '{\"msg\":\"操作成功\",\"code\":200}', 0, '', 11, NULL, '', '2024-12-31 18:27:24', NULL, '2024-12-31 18:27:24', b'0');
INSERT INTO `sys_oper_log` VALUES (84, '数据字典值', '新增字典值', 1, '<span class=log-light-span>新增字典值<span class=height-light-span>mysql类型 - 表生成器的类型可选项</span></span>', 'com.jcm.system.controller.SysDictDataController.add()', 'POST', '2024-12-31 18:27:32', 1, 'admin', '/dict-data', '127.0.0.1', '中国-江苏省-南京市-(电信)', '{\"createTime\":\"2024-12-31 18:27:32\",\"creator\":\"admin\",\"description\":\"point\",\"dictDataId\":77,\"dictTypeId\":\"38\",\"extra\":\"{}\",\"name\":\"mysql类型 - 表生成器的类型可选项\",\"sort\":27,\"updateTime\":\"2024-12-31 18:27:32\",\"value\":\"point\"}', '{\"msg\":\"操作成功\",\"code\":200}', 0, '', 7, NULL, '', '2024-12-31 18:27:32', NULL, '2024-12-31 18:27:32', b'0');
INSERT INTO `sys_oper_log` VALUES (85, '数据字典值', '新增字典值', 1, '<span class=log-light-span>新增字典值<span class=height-light-span>mysql类型 - 表生成器的类型可选项</span></span>', 'com.jcm.system.controller.SysDictDataController.add()', 'POST', '2024-12-31 18:28:12', 1, 'admin', '/dict-data', '127.0.0.1', '中国-江苏省-南京市-(电信)', '{\"createTime\":\"2024-12-31 18:28:12\",\"creator\":\"admin\",\"description\":\"polygon\",\"dictDataId\":78,\"dictTypeId\":\"38\",\"extra\":\"{}\",\"name\":\"mysql类型 - 表生成器的类型可选项\",\"sort\":28,\"updateTime\":\"2024-12-31 18:28:12\",\"value\":\"polygon\"}', '{\"msg\":\"操作成功\",\"code\":200}', 0, '', 10, NULL, '', '2024-12-31 18:28:13', NULL, '2024-12-31 18:28:13', b'0');
INSERT INTO `sys_oper_log` VALUES (86, '数据字典值', '新增字典值', 1, '<span class=log-light-span>新增字典值<span class=height-light-span>mysql类型 - 表生成器的类型可选项</span></span>', 'com.jcm.system.controller.SysDictDataController.add()', 'POST', '2024-12-31 18:28:21', 1, 'admin', '/dict-data', '127.0.0.1', '中国-江苏省-南京市-(电信)', '{\"createTime\":\"2024-12-31 18:28:21\",\"creator\":\"admin\",\"description\":\"real\",\"dictDataId\":79,\"dictTypeId\":\"38\",\"extra\":\"{}\",\"name\":\"mysql类型 - 表生成器的类型可选项\",\"sort\":29,\"updateTime\":\"2024-12-31 18:28:21\",\"value\":\"real\"}', '{\"msg\":\"操作成功\",\"code\":200}', 0, '', 6, NULL, '', '2024-12-31 18:28:21', NULL, '2024-12-31 18:28:21', b'0');
INSERT INTO `sys_oper_log` VALUES (87, '数据字典值', '新增字典值', 1, '<span class=log-light-span>新增字典值<span class=height-light-span>mysql类型 - 表生成器的类型可选项</span></span>', 'com.jcm.system.controller.SysDictDataController.add()', 'POST', '2024-12-31 18:28:29', 1, 'admin', '/dict-data', '127.0.0.1', '中国-江苏省-南京市-(电信)', '{\"createTime\":\"2024-12-31 18:28:29\",\"creator\":\"admin\",\"description\":\"set\",\"dictDataId\":80,\"dictTypeId\":\"38\",\"extra\":\"{}\",\"name\":\"mysql类型 - 表生成器的类型可选项\",\"sort\":30,\"updateTime\":\"2024-12-31 18:28:29\",\"value\":\"set\"}', '{\"msg\":\"操作成功\",\"code\":200}', 0, '', 7, NULL, '', '2024-12-31 18:28:30', NULL, '2024-12-31 18:28:30', b'0');
INSERT INTO `sys_oper_log` VALUES (88, '数据字典值', '新增字典值', 1, '<span class=log-light-span>新增字典值<span class=height-light-span>mysql类型 - 表生成器的类型可选项</span></span>', 'com.jcm.system.controller.SysDictDataController.add()', 'POST', '2024-12-31 18:28:39', 1, 'admin', '/dict-data', '127.0.0.1', '中国-江苏省-南京市-(电信)', '{\"createTime\":\"2024-12-31 18:28:39\",\"creator\":\"admin\",\"description\":\"smallint\",\"dictDataId\":81,\"dictTypeId\":\"38\",\"extra\":\"{}\",\"name\":\"mysql类型 - 表生成器的类型可选项\",\"sort\":31,\"updateTime\":\"2024-12-31 18:28:39\",\"value\":\"smallint\"}', '{\"msg\":\"操作成功\",\"code\":200}', 0, '', 8, NULL, '', '2024-12-31 18:28:40', NULL, '2024-12-31 18:28:40', b'0');
INSERT INTO `sys_oper_log` VALUES (89, '数据字典值', '新增字典值', 1, '<span class=log-light-span>新增字典值<span class=height-light-span>mysql类型 - 表生成器的类型可选项</span></span>', 'com.jcm.system.controller.SysDictDataController.add()', 'POST', '2024-12-31 18:28:48', 1, 'admin', '/dict-data', '127.0.0.1', '中国-江苏省-南京市-(电信)', '{\"createTime\":\"2024-12-31 18:28:48\",\"creator\":\"admin\",\"description\":\"text\",\"dictDataId\":82,\"dictTypeId\":\"38\",\"extra\":\"{}\",\"name\":\"mysql类型 - 表生成器的类型可选项\",\"sort\":32,\"updateTime\":\"2024-12-31 18:28:48\",\"value\":\"text\"}', '{\"msg\":\"操作成功\",\"code\":200}', 0, '', 8, NULL, '', '2024-12-31 18:28:48', NULL, '2024-12-31 18:28:48', b'0');
INSERT INTO `sys_oper_log` VALUES (90, '数据字典值', '新增字典值', 1, '<span class=log-light-span>新增字典值<span class=height-light-span>mysql类型 - 表生成器的类型可选项</span></span>', 'com.jcm.system.controller.SysDictDataController.add()', 'POST', '2024-12-31 18:28:54', 1, 'admin', '/dict-data', '127.0.0.1', '中国-江苏省-南京市-(电信)', '{\"createTime\":\"2024-12-31 18:28:54\",\"creator\":\"admin\",\"description\":\"time\",\"dictDataId\":83,\"dictTypeId\":\"38\",\"extra\":\"{}\",\"name\":\"mysql类型 - 表生成器的类型可选项\",\"sort\":33,\"updateTime\":\"2024-12-31 18:28:54\",\"value\":\"time\"}', '{\"msg\":\"操作成功\",\"code\":200}', 0, '', 11, NULL, '', '2024-12-31 18:28:55', NULL, '2024-12-31 18:28:55', b'0');
INSERT INTO `sys_oper_log` VALUES (91, '数据字典值', '新增字典值', 1, '<span class=log-light-span>新增字典值<span class=height-light-span>mysql类型 - 表生成器的类型可选项</span></span>', 'com.jcm.system.controller.SysDictDataController.add()', 'POST', '2024-12-31 18:29:42', 1, 'admin', '/dict-data', '127.0.0.1', '中国-江苏省-南京市-(电信)', '{\"createTime\":\"2024-12-31 18:29:42\",\"creator\":\"admin\",\"description\":\"timestamp\",\"dictDataId\":84,\"dictTypeId\":\"38\",\"extra\":\"{}\",\"name\":\"mysql类型 - 表生成器的类型可选项\",\"sort\":34,\"updateTime\":\"2024-12-31 18:29:42\",\"value\":\"timestamp\"}', '{\"msg\":\"操作成功\",\"code\":200}', 0, '', 11, NULL, '', '2024-12-31 18:29:42', NULL, '2024-12-31 18:29:42', b'0');
INSERT INTO `sys_oper_log` VALUES (92, '数据字典值', '新增字典值', 1, '<span class=log-light-span>新增字典值<span class=height-light-span>mysql类型 - 表生成器的类型可选项</span></span>', 'com.jcm.system.controller.SysDictDataController.add()', 'POST', '2024-12-31 18:29:52', 1, 'admin', '/dict-data', '127.0.0.1', '中国-江苏省-南京市-(电信)', '{\"createTime\":\"2024-12-31 18:29:52\",\"creator\":\"admin\",\"description\":\"tinyblob\",\"dictDataId\":85,\"dictTypeId\":\"38\",\"extra\":\"{}\",\"name\":\"mysql类型 - 表生成器的类型可选项\",\"sort\":35,\"updateTime\":\"2024-12-31 18:29:52\",\"value\":\"tinyblob\"}', '{\"msg\":\"操作成功\",\"code\":200}', 0, '', 11, NULL, '', '2024-12-31 18:29:52', NULL, '2024-12-31 18:29:52', b'0');
INSERT INTO `sys_oper_log` VALUES (93, '数据字典值', '新增字典值', 1, '<span class=log-light-span>新增字典值<span class=height-light-span>mysql类型 - 表生成器的类型可选项</span></span>', 'com.jcm.system.controller.SysDictDataController.add()', 'POST', '2024-12-31 18:29:58', 1, 'admin', '/dict-data', '127.0.0.1', '中国-江苏省-南京市-(电信)', '{\"createTime\":\"2024-12-31 18:29:58\",\"creator\":\"admin\",\"description\":\"tinyint\",\"dictDataId\":86,\"dictTypeId\":\"38\",\"extra\":\"{}\",\"name\":\"mysql类型 - 表生成器的类型可选项\",\"sort\":36,\"updateTime\":\"2024-12-31 18:29:58\",\"value\":\"tinyint\"}', '{\"msg\":\"操作成功\",\"code\":200}', 0, '', 11, NULL, '', '2024-12-31 18:29:59', NULL, '2024-12-31 18:29:59', b'0');
INSERT INTO `sys_oper_log` VALUES (94, '数据字典值', '新增字典值', 1, '<span class=log-light-span>新增字典值<span class=height-light-span>mysql类型 - 表生成器的类型可选项</span></span>', 'com.jcm.system.controller.SysDictDataController.add()', 'POST', '2024-12-31 18:30:06', 1, 'admin', '/dict-data', '127.0.0.1', '中国-江苏省-南京市-(电信)', '{\"createTime\":\"2024-12-31 18:30:06\",\"creator\":\"admin\",\"description\":\"tinytext\",\"dictDataId\":87,\"dictTypeId\":\"38\",\"extra\":\"{}\",\"name\":\"mysql类型 - 表生成器的类型可选项\",\"sort\":37,\"updateTime\":\"2024-12-31 18:30:06\",\"value\":\"tinytext\"}', '{\"msg\":\"操作成功\",\"code\":200}', 0, '', 8, NULL, '', '2024-12-31 18:30:07', NULL, '2024-12-31 18:30:07', b'0');
INSERT INTO `sys_oper_log` VALUES (95, '数据字典值', '删除字典值', 3, '<span class=log-light-span>删除<span class=height-light-span>0</span>条字典值信息</span>', 'com.jcm.system.controller.SysDictDataController.delete()', 'DELETE', '2024-12-31 18:30:07', 1, 'admin', '/dict-data/', '127.0.0.1', '中国-江苏省-南京市-(电信)', '{}', '', 1, '<span class=height-light-span-error>\r\n### Error updating database.  Cause: java.sql.SQLException: sql injection violation, syntax error: EOF : DELETE FROM sys_dict_data WHERE\n        dict_data_id IN\r\n### The error may exist in file [D:\\lvshihao\\Jcm\\jcm-modules\\jcm-system\\target\\classes\\mapper\\SysDictDataMapper.xml]\r\n### The error may involve com.jcm.system.mapper.SysDictDataMapper.deleteByIds\r\n### The error occurred while executing an update\r\n### SQL: DELETE FROM sys_dict_data WHERE         dict_data_id IN\r\n### Cause: java.sql.SQLException: sql injection violation, syntax error: EOF : DELETE FROM sys_dict_data WHERE\n        dict_data_id IN\n; uncategorized SQLException; SQL state [null]; error code [0]; sql injection violation, syntax error: EOF : DELETE FROM sys_dict_data WHERE\n        dict_data_id IN; nested exception is java.sql.SQLException: sql injection violation, syntax error: EOF : DELETE FROM sys_dict_data WHERE\n        dict_data_id IN</span>', 50, NULL, '', '2024-12-31 18:30:08', NULL, '2024-12-31 18:30:08', b'0');
INSERT INTO `sys_oper_log` VALUES (96, '数据字典值', '新增字典值', 1, '<span class=log-light-span>新增字典值<span class=height-light-span>mysql类型 - 表生成器的类型可选项</span></span>', 'com.jcm.system.controller.SysDictDataController.add()', 'POST', '2024-12-31 18:30:19', 1, 'admin', '/dict-data', '127.0.0.1', '中国-江苏省-南京市-(电信)', '{\"createTime\":\"2024-12-31 18:30:19\",\"creator\":\"admin\",\"description\":\"varbinary\",\"dictDataId\":88,\"dictTypeId\":\"38\",\"extra\":\"{}\",\"name\":\"mysql类型 - 表生成器的类型可选项\",\"sort\":38,\"updateTime\":\"2024-12-31 18:30:19\",\"value\":\"varbinary\"}', '{\"msg\":\"操作成功\",\"code\":200}', 0, '', 6, NULL, '', '2024-12-31 18:30:20', NULL, '2024-12-31 18:30:20', b'0');
INSERT INTO `sys_oper_log` VALUES (97, '数据字典值', '新增字典值', 1, '<span class=log-light-span>新增字典值<span class=height-light-span>mysql类型 - 表生成器的类型可选项</span></span>', 'com.jcm.system.controller.SysDictDataController.add()', 'POST', '2024-12-31 18:30:30', 1, 'admin', '/dict-data', '127.0.0.1', '中国-江苏省-南京市-(电信)', '{\"createTime\":\"2024-12-31 18:30:30\",\"creator\":\"admin\",\"description\":\"varchar\",\"dictDataId\":89,\"dictTypeId\":\"38\",\"extra\":\"{}\",\"name\":\"mysql类型 - 表生成器的类型可选项\",\"sort\":39,\"updateTime\":\"2024-12-31 18:30:30\",\"value\":\"varchar\"}', '{\"msg\":\"操作成功\",\"code\":200}', 0, '', 11, NULL, '', '2024-12-31 18:30:30', NULL, '2024-12-31 18:30:30', b'0');
INSERT INTO `sys_oper_log` VALUES (98, '数据字典值', '新增字典值', 1, '<span class=log-light-span>新增字典值<span class=height-light-span>mysql类型 - 表生成器的类型可选项</span></span>', 'com.jcm.system.controller.SysDictDataController.add()', 'POST', '2024-12-31 18:30:37', 1, 'admin', '/dict-data', '127.0.0.1', '中国-江苏省-南京市-(电信)', '{\"createTime\":\"2024-12-31 18:30:37\",\"creator\":\"admin\",\"description\":\"year\",\"dictDataId\":90,\"dictTypeId\":\"38\",\"extra\":\"{}\",\"name\":\"mysql类型 - 表生成器的类型可选项\",\"sort\":40,\"updateTime\":\"2024-12-31 18:30:37\",\"value\":\"year\"}', '{\"msg\":\"操作成功\",\"code\":200}', 0, '', 10, NULL, '', '2024-12-31 18:30:37', NULL, '2024-12-31 18:30:37', b'0');
INSERT INTO `sys_oper_log` VALUES (99, '用户设置', '修改用户设置信息', 2, NULL, 'com.jcm.system.controller.SysUserSettingController.edit()', 'PUT', '2025-01-01 09:43:31', 1, 'admin', '/sys-user-setting', '127.0.0.1', '中国-江苏省-南京市-(电信)', '{\"blur\":false,\"breadcrumb\":true,\"contrast\":false,\"copyright\":true,\"dataLoading\":true,\"grayscale\":false,\"hueRotate\":false,\"menu\":true,\"navigationBar\":true,\"saturate\":true,\"size\":10,\"tabs\":true,\"tabsIcon\":true,\"theme\":1,\"themeColor\":\"#2174FF\",\"updateTime\":\"2025-01-01 09:43:32\",\"updater\":\"admin\",\"userId\":1,\"watermark\":true,\"weakColor\":false}', '{\"msg\":\"操作成功\",\"code\":200}', 0, '', 231, NULL, '', '2025-01-01 09:43:33', NULL, '2025-01-01 09:43:33', b'0');
INSERT INTO `sys_oper_log` VALUES (100, '操作日志', '导出日志', 5, NULL, 'com.jcm.system.controller.SysOperLogController.export()', 'POST', '2025-01-01 11:22:04', 1, 'admin', '/operlog/export', '127.0.0.1', '中国-江苏省-南京市-(电信)', '{\"operName\":\"admin\",\"pageSize\":\"10\",\"title\":\"用户管理\",\"pageNum\":\"1\"}', '', 0, '', 1222, NULL, '', '2025-01-01 11:22:06', NULL, '2025-01-01 11:22:06', b'0');
INSERT INTO `sys_oper_log` VALUES (101, '用户设置', '修改用户设置信息', 2, NULL, 'com.jcm.system.controller.SysUserSettingController.edit()', 'PUT', '2025-01-01 12:22:49', 1, 'admin', '/sys-user-setting', '127.0.0.1', '中国-江苏省-南京市-(电信)', '{\"blur\":false,\"breadcrumb\":true,\"contrast\":false,\"copyright\":true,\"dataLoading\":true,\"grayscale\":false,\"hueRotate\":false,\"menu\":true,\"navigationBar\":true,\"saturate\":true,\"size\":10,\"tabs\":true,\"tabsIcon\":false,\"theme\":0,\"themeColor\":\"#2174FF\",\"updateTime\":\"2025-01-01 12:22:49\",\"updater\":\"admin\",\"userId\":1,\"watermark\":true,\"weakColor\":false}', '{\"msg\":\"操作成功\",\"code\":200}', 0, '', 12, NULL, '', '2025-01-01 12:22:50', NULL, '2025-01-01 12:22:50', b'0');
INSERT INTO `sys_oper_log` VALUES (102, '数据字典项', '修改字典项', 2, '<span class=log-light-span>菜单ID: <span class=height-light-span>38</span>信息被修改</span>', 'com.jcm.system.controller.SysDictTypeController.edit()', 'PUT', '2025-01-01 12:42:26', 1, 'admin', '/dict-type/', '127.0.0.1', '中国-江苏省-南京市-(电信)', '{\"description\":\"表生成器的类型可选项\",\"dictTypeId\":38,\"extraSchema\":\"[]\",\"name\":\"mysqlType\",\"type\":0,\"updateTime\":\"2025-01-01 12:42:27\",\"updater\":\"admin\"}', '{\"msg\":\"操作成功\",\"code\":200}', 0, '', 622, NULL, '', '2025-01-01 12:42:28', NULL, '2025-01-01 12:42:28', b'0');
INSERT INTO `sys_oper_log` VALUES (103, '用户设置', '修改用户设置信息', 2, '<span class=log-light-span>菜单ID: <span class=height-light-span>38</span>信息被修改</span>', 'com.jcm.system.controller.SysUserSettingController.edit()', 'PUT', '2025-01-01 13:50:11', 1, 'admin', '/sys-user-setting', '127.0.0.1', '中国-江苏省-南京市-(电信)', '{\"blur\":false,\"breadcrumb\":true,\"contrast\":false,\"copyright\":true,\"dataLoading\":true,\"grayscale\":false,\"hueRotate\":false,\"menu\":true,\"navigationBar\":true,\"saturate\":true,\"size\":10,\"tabs\":true,\"tabsIcon\":false,\"theme\":1,\"themeColor\":\"#0052D9\",\"updateTime\":\"2025-01-01 13:50:11\",\"updater\":\"admin\",\"userId\":1,\"watermark\":true,\"weakColor\":false}', '{\"msg\":\"操作成功\",\"code\":200}', 0, '', 54, NULL, '', '2025-01-01 13:50:12', NULL, '2025-01-01 13:50:12', b'0');
INSERT INTO `sys_oper_log` VALUES (104, '数据字典值', '新增字典值', 1, '<span class=log-light-span>新增字典值<span class=height-light-span>RedisCacheKey - Redis缓存所用到的Key</span></span>', 'com.jcm.system.controller.SysDictDataController.add()', 'POST', '2025-01-01 17:03:53', 1, 'admin', '/dict-data', '127.0.0.1', '中国-江苏省-南京市-(电信)', '{\"createTime\":\"2025-01-01 17:03:53\",\"creator\":\"admin\",\"description\":\"AI表结构请求缓存\",\"dictDataId\":91,\"dictTypeId\":\"36\",\"extra\":\"{}\",\"name\":\"RedisCacheKey - Redis缓存所用到的Key\",\"sort\":5,\"updateTime\":\"2025-01-01 17:03:53\",\"value\":\"aiTable\"}', '{\"msg\":\"操作成功\",\"code\":200}', 0, '', 84, NULL, '', '2025-01-01 17:03:54', NULL, '2025-01-01 17:03:54', b'0');
INSERT INTO `sys_oper_log` VALUES (105, '数据字典值', '修改字典值', 2, '<span class=log-light-span>菜单ID: <span class=height-light-span>91</span>信息被修改</span>', 'com.jcm.system.controller.SysDictDataController.edit()', 'PUT', '2025-01-01 17:04:02', 1, 'admin', '/dict-data/', '127.0.0.1', '中国-江苏省-南京市-(电信)', '{\"description\":\"AI表结构请求缓存\",\"dictDataId\":91,\"dictTypeId\":\"36\",\"extra\":\"{}\",\"name\":\"RedisCacheKey - Redis缓存所用到的Key\",\"sort\":5,\"updateTime\":\"2025-01-01 17:04:02\",\"updater\":\"admin\",\"value\":\"aiTable:\"}', '{\"msg\":\"操作成功\",\"code\":200}', 0, '', 14, NULL, '', '2025-01-01 17:04:03', NULL, '2025-01-01 17:04:03', b'0');
INSERT INTO `sys_oper_log` VALUES (106, '数据字典值', '修改字典值', 2, '<span class=log-light-span>菜单ID: <span class=height-light-span>91</span>信息被修改</span>', 'com.jcm.system.controller.SysDictDataController.edit()', 'PUT', '2025-01-01 17:05:04', 1, 'admin', '/dict-data/', '127.0.0.1', '中国-江苏省-南京市-(电信)', '{\"description\":\"AI表结构请求\",\"dictDataId\":91,\"dictTypeId\":\"36\",\"extra\":\"{}\",\"name\":\"RedisCacheKey - Redis缓存所用到的Key\",\"sort\":5,\"updateTime\":\"2025-01-01 17:05:04\",\"updater\":\"admin\",\"value\":\"aiTable:\"}', '{\"msg\":\"操作成功\",\"code\":200}', 0, '', 11, NULL, '', '2025-01-01 17:05:05', NULL, '2025-01-01 17:05:05', b'0');

-- ----------------------------
-- Table structure for sys_role
-- ----------------------------
DROP TABLE IF EXISTS `sys_role`;
CREATE TABLE `sys_role`  (
  `role_id` bigint UNSIGNED NOT NULL AUTO_INCREMENT COMMENT '角色ID',
  `name` varchar(30) CHARACTER SET utf8mb4 COLLATE utf8mb4_unicode_ci NULL DEFAULT NULL COMMENT '角色名称',
  `code` varchar(100) CHARACTER SET utf8mb4 COLLATE utf8mb4_unicode_ci NULL DEFAULT NULL COMMENT '角色权限字符串',
  `sort` int NULL DEFAULT NULL COMMENT '显示顺序',
  `status` tinyint NOT NULL DEFAULT 0 COMMENT '角色状态（0正常 1停用）',
  `remark` varchar(500) CHARACTER SET utf8mb4 COLLATE utf8mb4_unicode_ci NULL DEFAULT NULL COMMENT '备注',
  `creator` varchar(64) CHARACTER SET utf8mb4 COLLATE utf8mb4_unicode_ci NULL DEFAULT NULL COMMENT '创建人',
  `create_time` datetime NOT NULL COMMENT '创建时间',
  `updater` varchar(64) CHARACTER SET utf8mb4 COLLATE utf8mb4_unicode_ci NULL DEFAULT NULL COMMENT '修改人',
  `update_time` datetime NOT NULL COMMENT '修改时间',
  `deleted` bit(1) NOT NULL DEFAULT b'0' COMMENT '删除标识(0未删除，1已经删除)',
  PRIMARY KEY (`role_id`) USING BTREE
) ENGINE = InnoDB AUTO_INCREMENT = 46 CHARACTER SET = utf8mb4 COLLATE = utf8mb4_unicode_ci ROW_FORMAT = Dynamic;

-- ----------------------------
-- Records of sys_role
-- ----------------------------
INSERT INTO `sys_role` VALUES (1, '超级管理员', 'admin', 1, 0, '超级管理员角色', NULL, '2023-06-14 09:05:25', NULL, '2023-06-14 09:05:25', b'0');
INSERT INTO `sys_role` VALUES (24, '666666', 'lvxu', NULL, 0, NULL, 'admin', '2024-10-31 16:37:59', 'admin', '2024-12-27 14:34:02', b'0');
INSERT INTO `sys_role` VALUES (28, 'ceshi3336', 'ceshi', NULL, 1, NULL, 'admin', '2024-12-17 13:27:40', 'admin', '2024-12-17 17:14:41', b'0');
INSERT INTO `sys_role` VALUES (31, 'jhjhjj', 'kkkk', NULL, 1, NULL, 'admin', '2024-12-17 13:44:39', NULL, '2024-12-17 13:44:39', b'0');
INSERT INTO `sys_role` VALUES (32, '2233', '333', NULL, 1, NULL, 'admin', '2024-12-17 20:42:42', 'admin', '2024-12-27 14:33:49', b'0');
INSERT INTO `sys_role` VALUES (33, 'qq', 'qq', NULL, 1, NULL, 'admin', '2024-12-17 20:57:40', NULL, '2024-12-17 20:57:40', b'0');
INSERT INTO `sys_role` VALUES (34, 'ee', 'ee', NULL, 0, NULL, 'admin', '2024-12-17 20:57:44', NULL, '2024-12-17 20:57:44', b'0');
INSERT INTO `sys_role` VALUES (35, 'rr', 'rr', NULL, 0, NULL, 'admin', '2024-12-17 20:57:48', NULL, '2024-12-17 20:57:48', b'0');
INSERT INTO `sys_role` VALUES (37, 'yy', 'yy', NULL, 0, NULL, 'admin', '2024-12-17 20:57:57', NULL, '2024-12-17 20:57:57', b'0');
INSERT INTO `sys_role` VALUES (38, 'uuu', 'uuu', NULL, 0, NULL, 'admin', '2024-12-17 20:58:01', NULL, '2024-12-17 20:58:01', b'0');
INSERT INTO `sys_role` VALUES (40, 'ss', 'ss', NULL, 0, NULL, 'admin', '2024-12-17 20:58:08', NULL, '2024-12-17 20:58:08', b'0');
INSERT INTO `sys_role` VALUES (41, 'dd', 'dd', NULL, 0, NULL, 'admin', '2024-12-17 20:58:12', NULL, '2024-12-17 20:58:12', b'0');
INSERT INTO `sys_role` VALUES (42, 'zz', 'zz', NULL, 0, NULL, 'admin', '2024-12-17 20:58:16', NULL, '2024-12-17 20:58:16', b'0');
INSERT INTO `sys_role` VALUES (43, 'vv', 'vv', NULL, 0, NULL, 'admin', '2024-12-17 20:58:20', NULL, '2024-12-17 20:58:20', b'0');
INSERT INTO `sys_role` VALUES (44, 'bb', 'bb', NULL, 0, NULL, 'admin', '2024-12-17 20:58:24', NULL, '2024-12-17 20:58:24', b'0');
INSERT INTO `sys_role` VALUES (45, 'bbs', 'ssa', NULL, 0, NULL, 'admin', '2024-12-17 20:58:36', NULL, '2024-12-17 20:58:36', b'0');
INSERT INTO `sys_role` VALUES (46, 'lddd', 'aaaa', NULL, 1, NULL, 'admin', '2024-12-30 14:23:40', NULL, '2024-12-30 14:23:40', b'0');

-- ----------------------------
-- Table structure for sys_role_menu
-- ----------------------------
DROP TABLE IF EXISTS `sys_role_menu`;
CREATE TABLE `sys_role_menu`  (
  `role_id` bigint NOT NULL COMMENT '角色id',
  `menu_id` bigint NOT NULL COMMENT '菜单id'
) ENGINE = InnoDB CHARACTER SET = utf8mb4 COLLATE = utf8mb4_unicode_ci COMMENT = '角色和菜单关联关系表' ROW_FORMAT = Dynamic;

-- ----------------------------
-- Records of sys_role_menu
-- ----------------------------
INSERT INTO `sys_role_menu` VALUES (1, 1);
INSERT INTO `sys_role_menu` VALUES (1, 30);
INSERT INTO `sys_role_menu` VALUES (24, 35);
INSERT INTO `sys_role_menu` VALUES (24, 43);
INSERT INTO `sys_role_menu` VALUES (24, 30);
INSERT INTO `sys_role_menu` VALUES (24, 54);
INSERT INTO `sys_role_menu` VALUES (24, 32);
INSERT INTO `sys_role_menu` VALUES (24, 57);
INSERT INTO `sys_role_menu` VALUES (44, 54);
INSERT INTO `sys_role_menu` VALUES (44, 30);
INSERT INTO `sys_role_menu` VALUES (44, 55);
INSERT INTO `sys_role_menu` VALUES (44, 56);
INSERT INTO `sys_role_menu` VALUES (44, 57);
INSERT INTO `sys_role_menu` VALUES (44, 58);
INSERT INTO `sys_role_menu` VALUES (44, 59);
INSERT INTO `sys_role_menu` VALUES (44, 60);
INSERT INTO `sys_role_menu` VALUES (44, 43);
INSERT INTO `sys_role_menu` VALUES (44, 32);
INSERT INTO `sys_role_menu` VALUES (44, 61);
INSERT INTO `sys_role_menu` VALUES (44, 62);
INSERT INTO `sys_role_menu` VALUES (44, 63);
INSERT INTO `sys_role_menu` VALUES (44, 64);
INSERT INTO `sys_role_menu` VALUES (44, 65);
INSERT INTO `sys_role_menu` VALUES (44, 70);
INSERT INTO `sys_role_menu` VALUES (44, 44);

-- ----------------------------
-- Table structure for sys_user
-- ----------------------------
DROP TABLE IF EXISTS `sys_user`;
CREATE TABLE `sys_user`  (
  `user_id` bigint NOT NULL AUTO_INCREMENT COMMENT '用户ID',
  `username` varchar(30) CHARACTER SET utf8mb4 COLLATE utf8mb4_bin NOT NULL COMMENT '用户名',
  `password` varchar(100) CHARACTER SET utf8mb4 COLLATE utf8mb4_bin NOT NULL COMMENT '密码',
  `nickname` varchar(30) CHARACTER SET utf8mb4 COLLATE utf8mb4_bin NOT NULL COMMENT '用户昵称',
  `email` varchar(50) CHARACTER SET utf8mb4 COLLATE utf8mb4_bin NULL DEFAULT NULL COMMENT '邮箱',
  `mobile` varchar(11) CHARACTER SET utf8mb4 COLLATE utf8mb4_bin NULL DEFAULT NULL COMMENT '手机号',
  `sex` tinyint NULL DEFAULT NULL COMMENT '性别(0男,1女,2未知)',
  `avatar` varchar(255) CHARACTER SET utf8mb4 COLLATE utf8mb4_bin NULL DEFAULT NULL COMMENT '头像',
  `status` tinyint NOT NULL DEFAULT 0 COMMENT '状态(0正常,1禁用)',
  `login_ip` varchar(50) CHARACTER SET utf8mb4 COLLATE utf8mb4_bin NULL DEFAULT NULL COMMENT '最后登录IP地址',
  `login_date` datetime NULL DEFAULT NULL COMMENT '最后登录时间',
  `remark` varchar(500) CHARACTER SET utf8mb4 COLLATE utf8mb4_bin NULL DEFAULT NULL COMMENT '备注',
  `creator` varchar(64) CHARACTER SET utf8mb4 COLLATE utf8mb4_bin NULL DEFAULT NULL COMMENT '创建人',
  `create_time` datetime NOT NULL COMMENT '创建时间',
  `updater` varchar(64) CHARACTER SET utf8mb4 COLLATE utf8mb4_bin NULL DEFAULT NULL COMMENT '更新人',
  `update_time` datetime NOT NULL COMMENT '更新时间',
  `deleted` bit(1) NOT NULL DEFAULT b'0' COMMENT '是否被删除: 0是未删除, 1是已删除',
  PRIMARY KEY (`user_id`) USING BTREE
) ENGINE = InnoDB AUTO_INCREMENT = 92 CHARACTER SET = utf8mb4 COLLATE = utf8mb4_bin COMMENT = '用户表' ROW_FORMAT = Dynamic;

-- ----------------------------
-- Records of sys_user
-- ----------------------------
INSERT INTO `sys_user` VALUES (1, 'admin', '$2a$10$LmfN18FinXMDPnQpKcBf0uDPO5dR80oqKbA3iTH260Y5WJQ1/c9yq', '超级管理员', '202252157@qq.com', '1761111111', 2, 'https://images.pexels.com/photos/19561749/pexels-photo-19561749.jpeg?auto=compress&cs=tinysrgb&w=1260&h=750&dpr=2', 0, '192.168.0.5', '2025-01-01 08:15:39', '超级管理员', NULL, '2024-03-31 20:28:40', NULL, '2023-06-14 23:27:57', b'0');
INSERT INTO `sys_user` VALUES (37, 'admin1', '$2a$10$OIcB8m7p5KoKKReuhDU.u.wTKEIj/KnOVBAF297RKY0UUGJzZwu1u', 'Admin222', '', '', 2, 'https://images.pexels.com/photos/19561749/pexels-photo-19561749.jpeg?auto=compress&cs=tinysrgb&w=1260&h=750&dpr=2', 0, '127.0.0.1', '2023-06-14 18:35:37', '超级管理员', NULL, '2024-03-31 20:28:40', NULL, '2023-06-14 23:27:57', b'1');
INSERT INTO `sys_user` VALUES (38, 'admin2', '$2a$10$xHlfwRnQhXaauSwCjxpysOIigHmw6Rd3D4rj3CKXH5txXsCi2k9zy', 'ceshi2', '202252197@qq.com', '17638593874', 2, 'https://images.pexels.com/photos/19561749/pexels-photo-19561749.jpeg?auto=compress&cs=tinysrgb&w=1260&h=750&dpr=2', 1, '127.0.0.1', '2023-06-14 18:35:37', '超级管理员', NULL, '2024-03-31 20:28:40', NULL, '2023-06-14 23:27:57', b'1');
INSERT INTO `sys_user` VALUES (39, 'admin3', '$2a$10$LmfN18FinXMDPnQpKcBf0uDPO5dR80oqKbA3iTH260Y5WJQ1/c9yq', 'Admin', '202252197@qq.com', '17638593874', 2, 'https://images.pexels.com/photos/19561749/pexels-photo-19561749.jpeg?auto=compress&cs=tinysrgb&w=1260&h=750&dpr=2', 1, '127.0.0.1', '2023-06-14 18:35:37', '超级管理员', NULL, '2024-03-31 20:28:40', NULL, '2023-06-14 23:27:57', b'1');
INSERT INTO `sys_user` VALUES (40, 'admin4', '$2a$10$LmfN18FinXMDPnQpKcBf0uDPO5dR80oqKbA3iTH260Y5WJQ1/c9yq', 'Admin', '202252197@qq.com', '17638593874', 2, 'https://images.pexels.com/photos/19561749/pexels-photo-19561749.jpeg?auto=compress&cs=tinysrgb&w=1260&h=750&dpr=2', 1, '127.0.0.1', '2023-06-14 18:35:37', '超级管理员', NULL, '2024-03-31 20:28:40', NULL, '2023-06-14 23:27:57', b'1');
INSERT INTO `sys_user` VALUES (41, 'admin5', '$2a$10$gxuaoobtGnIDAgj2Mg8WAeTiUAHETX2CrYWA0CgFACQqFoHzZe4xu', 'Admin', '202252197@qq.com', '17638593874', 2, 'https://images.pexels.com/photos/19561749/pexels-photo-19561749.jpeg?auto=compress&cs=tinysrgb&w=1260&h=750&dpr=2', 1, '127.0.0.1', '2023-06-14 18:35:37', '超级管理员', NULL, '2024-03-31 20:28:40', NULL, '2023-06-14 23:27:57', b'1');
INSERT INTO `sys_user` VALUES (42, 'admin6', '$2a$10$LmfN18FinXMDPnQpKcBf0uDPO5dR80oqKbA3iTH260Y5WJQ1/c9yq', 'Admin', '202252197@qq.com', '17638593874', 2, 'https://images.pexels.com/photos/19561749/pexels-photo-19561749.jpeg?auto=compress&cs=tinysrgb&w=1260&h=750&dpr=2', 1, '127.0.0.1', '2023-06-14 18:35:37', '超级管理员', NULL, '2024-03-31 20:28:40', NULL, '2023-06-14 23:27:57', b'1');
INSERT INTO `sys_user` VALUES (43, 'admin7', '$2a$10$LmfN18FinXMDPnQpKcBf0uDPO5dR80oqKbA3iTH260Y5WJQ1/c9yq', 'Admin', '202252197@qq.com', '17638593874', 2, 'https://images.pexels.com/photos/19561749/pexels-photo-19561749.jpeg?auto=compress&cs=tinysrgb&w=1260&h=750&dpr=2', 1, '127.0.0.1', '2023-06-14 18:35:37', '超级管理员', NULL, '2024-03-31 20:28:40', NULL, '2023-06-14 23:27:57', b'1');
INSERT INTO `sys_user` VALUES (44, 'admin8', '$2a$10$LmfN18FinXMDPnQpKcBf0uDPO5dR80oqKbA3iTH260Y5WJQ1/c9yq', 'Admin', '202252197@qq.com', '17638593874', 2, 'https://images.pexels.com/photos/19561749/pexels-photo-19561749.jpeg?auto=compress&cs=tinysrgb&w=1260&h=750&dpr=2', 1, '127.0.0.1', '2023-06-14 18:35:37', '超级管理员', NULL, '2024-03-31 20:28:40', NULL, '2023-06-14 23:27:57', b'1');
INSERT INTO `sys_user` VALUES (45, 'admin9', '$2a$10$LmfN18FinXMDPnQpKcBf0uDPO5dR80oqKbA3iTH260Y5WJQ1/c9yq', 'Admin', '202252197@qq.com', '17638593874', 2, 'https://images.pexels.com/photos/19561749/pexels-photo-19561749.jpeg?auto=compress&cs=tinysrgb&w=1260&h=750&dpr=2', 1, '127.0.0.1', '2023-06-14 18:35:37', '超级管理员', NULL, '2024-03-31 20:28:40', NULL, '2023-06-14 23:27:57', b'1');
INSERT INTO `sys_user` VALUES (46, 'admin10', '$2a$10$LmfN18FinXMDPnQpKcBf0uDPO5dR80oqKbA3iTH260Y5WJQ1/c9yq', 'Admin2', '202252197@qq.com', '17638593874', 2, 'https://images.pexels.com/photos/19561749/pexels-photo-19561749.jpeg?auto=compress&cs=tinysrgb&w=1260&h=750&dpr=2', 1, '127.0.0.1', '2023-06-14 18:35:37', '超级管理员', NULL, '2024-03-31 20:28:40', NULL, '2023-06-14 23:27:57', b'1');
INSERT INTO `sys_user` VALUES (47, 'admin11', '$2a$10$LmfN18FinXMDPnQpKcBf0uDPO5dR80oqKbA3iTH260Y5WJQ1/c9yq', 'Admin', '202252197@qq.com', '17638593874', 2, 'https://images.pexels.com/photos/19561749/pexels-photo-19561749.jpeg?auto=compress&cs=tinysrgb&w=1260&h=750&dpr=2', 1, '127.0.0.1', '2023-06-14 18:35:37', '超级管理员', NULL, '2024-03-31 20:28:40', NULL, '2023-06-14 23:27:57', b'1');
INSERT INTO `sys_user` VALUES (48, 'admin12', '$2a$10$LmfN18FinXMDPnQpKcBf0uDPO5dR80oqKbA3iTH260Y5WJQ1/c9yq', 'Admin', '202252197@qq.com', '17638593874', 2, 'https://images.pexels.com/photos/19561749/pexels-photo-19561749.jpeg?auto=compress&cs=tinysrgb&w=1260&h=750&dpr=2', 1, '127.0.0.1', '2023-06-14 18:35:37', '超级管理员', NULL, '2024-03-31 20:28:40', NULL, '2023-06-14 23:27:57', b'1');
INSERT INTO `sys_user` VALUES (49, 'admin13', '$2a$10$LmfN18FinXMDPnQpKcBf0uDPO5dR80oqKbA3iTH260Y5WJQ1/c9yq', 'Admin', '202252197@qq.com', '17638593874', 2, 'https://images.pexels.com/photos/19561749/pexels-photo-19561749.jpeg?auto=compress&cs=tinysrgb&w=1260&h=750&dpr=2', 1, '127.0.0.1', '2023-06-14 18:35:37', '超级管理员', NULL, '2024-03-31 20:28:40', NULL, '2023-06-14 23:27:57', b'1');
INSERT INTO `sys_user` VALUES (50, 'admin14', '$2a$10$LmfN18FinXMDPnQpKcBf0uDPO5dR80oqKbA3iTH260Y5WJQ1/c9yq', 'Admin', '202252197@qq.com', '17638593874', 2, 'https://images.pexels.com/photos/19561749/pexels-photo-19561749.jpeg?auto=compress&cs=tinysrgb&w=1260&h=750&dpr=2', 1, '127.0.0.1', '2023-06-14 18:35:37', '超级管理员', NULL, '2024-03-31 20:28:40', NULL, '2023-06-14 23:27:57', b'1');
INSERT INTO `sys_user` VALUES (51, 'admin15', '$2a$10$LmfN18FinXMDPnQpKcBf0uDPO5dR80oqKbA3iTH260Y5WJQ1/c9yq', 'Admin', '202252197@qq.com', '17638593874', 2, 'https://images.pexels.com/photos/19561749/pexels-photo-19561749.jpeg?auto=compress&cs=tinysrgb&w=1260&h=750&dpr=2', 0, '127.0.0.1', '2023-06-14 18:35:37', '超级管理员', NULL, '2024-03-31 20:28:40', NULL, '2023-06-14 23:27:57', b'1');
INSERT INTO `sys_user` VALUES (52, 'admin16', '$2a$10$zMQnwoVvUooolpBGiqXUlOlEkYpKUJmAVxxZcOs0f/5phKG0JFeVe', 'Admin', '202252197@qq.com', '17638593874', 2, 'https://images.pexels.com/photos/19561749/pexels-photo-19561749.jpeg?auto=compress&cs=tinysrgb&w=1260&h=750&dpr=2', 0, '127.0.0.1', '2023-06-14 18:35:37', '超级管理员', NULL, '2024-03-31 20:28:40', NULL, '2023-06-14 23:27:57', b'1');
INSERT INTO `sys_user` VALUES (53, '121', '$2a$10$C5EBZtnz1Hpgo.7Kb7q0gusdb1d2SO9WmnQhk5AH1C.oPAoLXVzXG', '121', '1212', '1221', NULL, NULL, 0, NULL, NULL, NULL, 'admin', '2024-04-09 15:26:41', NULL, '2024-04-09 15:26:41', b'1');
INSERT INTO `sys_user` VALUES (55, 'lvshihao', '$2a$10$5jhrkTNvd87cJTPxw5X.Pe51Fk3pjSWcA9KC2nxco6Yk..r7.YI3G', '君尘', '16666', '123456789', NULL, NULL, 0, NULL, NULL, NULL, 'admin', '2024-04-18 22:25:19', NULL, '2024-04-18 22:25:19', b'1');
INSERT INTO `sys_user` VALUES (56, 'lvshihao', '$2a$10$.isfQDdYtbZo3zjY8zrJAeiOuUFM6s6Ic09WgsOft4t7pu6qKiXTi', 'lvshihao', '333', '222', NULL, NULL, 0, NULL, NULL, NULL, 'admin', '2024-04-19 12:43:15', NULL, '2024-04-19 12:43:15', b'1');
INSERT INTO `sys_user` VALUES (57, 'lvshihao2', '$2a$10$16R/2vV.ZNF/NsMLwJa4Ge4kKSmkgT5DJm5BQfmnr/6dIs8kruU6i', 'sss', '', '', NULL, NULL, 1, NULL, NULL, NULL, 'admin', '2024-04-19 15:49:22', NULL, '2024-04-19 15:49:22', b'1');
INSERT INTO `sys_user` VALUES (58, 'lvshihao4', '$2a$10$U3uDTbk9Fdu0qi/OHmnKAOMbSqUJ7tGr4kG0FbNsZaarhEDcA0r4.', 'ces', '', '', NULL, NULL, 0, NULL, NULL, NULL, 'admin', '2024-04-19 15:52:32', NULL, '2024-04-19 15:52:32', b'1');
INSERT INTO `sys_user` VALUES (59, 'admin1', '$2a$10$7LjljYivvVPcVuFqLRr5XO27mhLsrx0WpmfWyZVwFR4CJ7RFts.52', 'lvshihao', '202252195@qq.com', '17638593873', NULL, NULL, 1, NULL, NULL, NULL, 'admin', '2024-04-19 17:11:12', NULL, '2024-04-19 17:11:12', b'1');
INSERT INTO `sys_user` VALUES (60, 'slave', '$2a$10$CtE1AS4kOmrO00lN7m0IQO7Q64YQ4saCTqZYx43hRnUx4iUaqm6uu', '1221', '12', '12', NULL, NULL, 0, NULL, NULL, NULL, 'admin', '2024-04-20 14:41:15', NULL, '2024-04-20 14:41:15', b'1');
INSERT INTO `sys_user` VALUES (61, 'ceshiyonghu', '$2a$10$B.RnAE.q1KvAtbBjRh4MRuRqYWsE2B/OersMIPmrk5KoO4W60e7CC', 'xiaoliuzi ', '2311223', '1223', NULL, NULL, 0, NULL, NULL, NULL, 'admin', '2024-05-04 10:02:29', NULL, '2024-05-04 10:02:29', b'1');
INSERT INTO `sys_user` VALUES (62, 'kkk', '$2a$10$5HRw/xZhT4mKYmyjTpBR2.fr2y8FaGleN.1XY5tvKUX1x9DOAU2lK', '12345', '1232323', '1213', NULL, NULL, 0, NULL, NULL, NULL, 'admin', '2024-05-04 10:11:38', NULL, '2024-05-04 10:11:38', b'1');
INSERT INTO `sys_user` VALUES (63, 'www', '$2a$10$IFOZZ2u3NoLNBXKEQCO9TeWVmiea/PBlsB8Q1iY2Ksoax.A8dO6PG', '123411', '123213', '12323', NULL, NULL, 0, NULL, NULL, NULL, 'admin', '2024-05-04 10:16:43', NULL, '2024-05-04 10:16:43', b'1');
INSERT INTO `sys_user` VALUES (64, 'uuuu', '$2a$10$LNFTDOlBGgcpEeT462OxW.ABG6ZMq1cqUPWm364vpUIAVKLJLm8qC', 'ssss', '22323322', '22121', NULL, NULL, 1, NULL, NULL, NULL, 'admin', '2024-05-04 10:25:40', NULL, '2024-05-04 10:25:40', b'1');
INSERT INTO `sys_user` VALUES (65, 'assa', '$2a$10$omDoHIO/V.DD1JV.RMHDoeNv3pwi9WwapAW7Uof2YQKIWpdg3281.', 'qwqewe', '23213351', '1232', NULL, NULL, 1, NULL, NULL, NULL, 'admin', '2024-05-04 10:26:43', NULL, '2024-05-04 10:26:43', b'1');
INSERT INTO `sys_user` VALUES (66, '231', '$2a$10$I4qPX43EUAZFaxoyELJmauee/DryEj5hBRWs/lJHB6hHx38VaBeoW', '2131', '21332', '1232321332', NULL, NULL, 1, NULL, NULL, NULL, 'admin', '2024-05-04 10:27:55', NULL, '2024-05-04 10:27:55', b'1');
INSERT INTO `sys_user` VALUES (67, 'slave', '$2a$10$oDSrqa//zAUaxjd.sx6mL.CBAXBeR8ZcELa5JfxfGCl.tipZOXAsu', 'lvxu', '330628396@qq.com', '13613968112', NULL, NULL, 0, '192.168.0.2', '2024-10-31 17:51:15', NULL, 'admin', '2024-10-31 16:33:31', NULL, '2024-10-31 16:33:31', b'0');
INSERT INTO `sys_user` VALUES (68, 'lvshxxss', '$2a$10$FUOUnrAFCIlU02cGsi5iTuFKGyw/kM7XenzNnzsIMCwpcm1VkmJ4e', 'lvshxx', '202252137@qq.com', '17812063350', NULL, NULL, 0, NULL, NULL, NULL, 'admin', '2024-12-12 17:07:45', NULL, '2024-12-12 17:07:45', b'1');
INSERT INTO `sys_user` VALUES (69, 'sssse', '$2a$10$T6pWPUcCvQvzLbFuQpCPL.c4esUunrqUkuyLWQJhwJT4nB7k1Tau.', 'sssse', '202252127@qq.com', '17812063353', NULL, NULL, 0, NULL, NULL, NULL, 'admin', '2024-12-12 17:10:30', NULL, '2024-12-12 17:10:30', b'1');
INSERT INTO `sys_user` VALUES (70, 'ceshi22', '$2a$10$0WV1wGLZ.qnwR03SP0ufzODTlyH4R/iLkVckyG59/uad5AIg7JxzG', 'ceshi22', '202252227@qq.com', '17812063351', NULL, NULL, 1, NULL, NULL, NULL, 'admin', '2024-12-12 17:12:36', NULL, '2024-12-12 17:12:36', b'1');
INSERT INTO `sys_user` VALUES (71, 'saasas', '$2a$10$gpsS.NSmVDG3x65RY8ddhekxu7.lRaPGUToLBo4Jdm74T7k3XWcZ6', 'assasa', '222252127@qq.com', '17812063311', NULL, NULL, 0, NULL, NULL, NULL, 'admin', '2024-12-12 17:16:20', NULL, '2024-12-12 17:16:20', b'1');
INSERT INTO `sys_user` VALUES (72, 'wwqwqw', '$2a$10$XoWhIA0tcEM8idpzDV5.4uE5MslTX6bhTHWhpN73rfcb7PwMUoTru', 'wwqwqw', '202252427@qq.com', '17638593879', NULL, NULL, 0, NULL, NULL, NULL, 'admin', '2024-12-12 17:30:48', NULL, '2024-12-12 17:30:48', b'1');
INSERT INTO `sys_user` VALUES (73, 'wqwwq', '$2a$10$2MelS.ikFpkiGl/FJcXtSOZPqISIaSIApMnxOEv9Ru6h1H3lF9kXy', 'wqwwq', '202252131@qq.com', '17812063357', NULL, NULL, 0, NULL, NULL, NULL, 'admin', '2024-12-12 17:31:40', NULL, '2024-12-12 17:31:40', b'1');
INSERT INTO `sys_user` VALUES (74, 'lvshihao212', '$2a$10$7MI6RXMOBaH765mofN415eAF6oTYE8KlHhde9HijdGda.2Azo0HmS', 'lvshihao212', '202252123@qq.com', '17810163350', NULL, NULL, 1, NULL, NULL, NULL, 'admin', '2024-12-12 17:33:17', NULL, '2024-12-12 17:33:17', b'1');
INSERT INTO `sys_user` VALUES (75, 'eeeewwq', '$2a$10$HTr2jX5u9yDlgci44l7fsuAgVlcgjWKwjytXiBLVx3K3a/X16Wwsm', 'eeeewwq', '202252627@qq.com', '13613968477', NULL, NULL, 0, NULL, NULL, NULL, 'admin', '2024-12-12 17:39:48', NULL, '2024-12-12 17:39:48', b'1');
INSERT INTO `sys_user` VALUES (76, 'ss', '$2a$10$3dVGjraJE4tk2gZu1HEAsOzZAVcHgBend5uOT3Ck7AW8YAfuM3LN.', 'ss', 's', 's', NULL, NULL, 0, NULL, NULL, NULL, 'admin', '2024-12-13 10:36:54', NULL, '2024-12-13 10:36:54', b'1');
INSERT INTO `sys_user` VALUES (77, 'ee', '$2a$10$ES1BKXKuf3mfmahqOkFaHegahBwAL51KBd6/B6nuOPgnVQAkRZ5SK', 'ee', '12', '121321', NULL, NULL, 0, NULL, NULL, NULL, 'admin', '2024-12-13 10:38:41', NULL, '2024-12-13 10:38:41', b'1');
INSERT INTO `sys_user` VALUES (78, '33', '$2a$10$V2JOxOxtRvnSChmtJ/ArMeToDzmI1lsk1uvw..0rRCWAyDShUlsFy', '3', NULL, '44', NULL, NULL, 0, NULL, NULL, NULL, 'admin', '2024-12-13 10:39:08', NULL, '2024-12-13 10:39:08', b'1');
INSERT INTO `sys_user` VALUES (79, 'wwq', '$2a$10$LfqbHU8PkBwnsrKSyfuuxOt2I2j69uq33Z0SHsM30rV7STqQjEdIm', 'wqe', 'wwq', '21', NULL, NULL, 0, NULL, NULL, NULL, 'admin', '2024-12-13 11:10:50', NULL, '2024-12-13 11:10:50', b'1');
INSERT INTO `sys_user` VALUES (80, 'wwq33', '$2a$10$9DooMYngwTA7/EQxHWsTLes0r0/Jo/.2cA/tzfNwCd9Jp8RDoaZmy', '32', '212', 'weew', NULL, NULL, 0, NULL, NULL, NULL, 'admin', '2024-12-13 11:12:33', NULL, '2024-12-13 11:12:33', b'1');
INSERT INTO `sys_user` VALUES (81, 'wq', '$2a$10$83/7q7yF932VD/DlKVVZPO9j0HoDLb59iqRlx8uztKdvv5dgKa1nC', 'wq', 'wq', 'qw', NULL, NULL, 0, NULL, NULL, NULL, 'admin', '2024-12-13 11:15:49', NULL, '2024-12-13 11:15:49', b'1');
INSERT INTO `sys_user` VALUES (82, 'wqe', '$2a$10$/q55AYpRCOB5Wc5bRBh8.eBADKqla/duzGJ29DbYuUheqFCyKg0Iu', 'wqe', 'wqee', '', NULL, NULL, 0, NULL, NULL, NULL, 'admin', '2024-12-13 11:16:05', NULL, '2024-12-13 11:16:05', b'1');
INSERT INTO `sys_user` VALUES (83, 'wwwe', '$2a$10$3yFqRw2sH3mz3KZv4m2UT.9CtOMW1Pb.q6I6FkqbGpO.eRCGT0Kj6', 'wwwwee', '2022521972@qq.com', '17812063355', NULL, NULL, 1, NULL, NULL, NULL, 'admin', '2024-12-17 14:19:30', NULL, '2024-12-17 14:19:30', b'1');
INSERT INTO `sys_user` VALUES (84, 'wwee', '$2a$10$EXrhYBkNPe7nEut9zqg3juhTU5UVUzg1zkpnWxiMB9LxyBrP5.Cc.', 'wwee', '202252199@qq.com', '17812063350', NULL, NULL, 0, NULL, NULL, NULL, 'admin', '2024-12-17 15:50:48', NULL, '2024-12-17 15:50:48', b'1');
INSERT INTO `sys_user` VALUES (85, 'ces', '$2a$10$J3vlNCAC.OAdxVTrfnCgF.IqcoyyDZLYvZ/Hf.5O2/pK6Q39E4vCu', 'ces', '202252191@qq.com', '27812063350', NULL, NULL, 1, NULL, NULL, NULL, 'admin', '2024-12-17 16:18:21', NULL, '2024-12-17 16:18:21', b'0');
INSERT INTO `sys_user` VALUES (86, 'cccc', '$2a$10$LeftvuWbm0Ofp8/OcPvTLOwenVbF6GDqof1b56DZfAKt.YXVDc4.W', 'cccc', '22@qq.com', '17812063355', NULL, NULL, 1, NULL, NULL, NULL, 'admin', '2024-12-23 15:50:28', NULL, '2024-12-23 15:50:28', b'1');
INSERT INTO `sys_user` VALUES (87, 'ceshi', '$2a$10$TGwM3nbvjiy9zVJ3hZMvyeMgrQhf87ul.wMFCJaIBSBsccCbrJiXa', 'ceshi13', '222@qq.com', '13613968471', NULL, NULL, 1, NULL, NULL, NULL, 'admin', '2024-12-24 19:38:08', NULL, '2024-12-24 19:38:08', b'0');
INSERT INTO `sys_user` VALUES (88, 'lvshihao', '$2a$10$FQeOZrzDCuG3TscGoZhTROvxfkdI5f1QL6d6fPUcfADi.ymNB9MHy', '222', '2022521977@qq.com', '17812061350', NULL, NULL, 0, NULL, NULL, NULL, 'admin', '2024-12-29 18:12:14', NULL, '2024-12-29 18:12:14', b'0');
INSERT INTO `sys_user` VALUES (89, '555', '$2a$10$b/8JWv8s8TnorPifLHDZ2uPjQlLOY/NaDEHibIFyz/AdiOfRvg2/S', '555', '2022521917@qq.com', '13613696877', NULL, NULL, 0, NULL, NULL, NULL, 'admin', '2024-12-29 18:46:53', NULL, '2024-12-29 18:46:53', b'0');
INSERT INTO `sys_user` VALUES (90, '8888', '$2a$10$/oz/CRarsZqJ49B0fQvIUeUECEZiZoRHbjFHaZE5GkPIC5MZfZmFC', '8888', '2253422@qq.com', '13613968499', NULL, NULL, 1, NULL, NULL, NULL, 'admin', '2024-12-29 18:48:49', NULL, '2024-12-29 18:48:49', b'0');
INSERT INTO `sys_user` VALUES (91, 'lvshiha', '$2a$10$IKKX4bV.A1ISWt0Ixn4gDOzP5hARQQt6Migbwp0GifXgtg4JkcnVu', 'lvshiha', '33@qq.com', '13613952147', NULL, NULL, 1, NULL, NULL, NULL, 'admin', '2024-12-29 18:51:29', NULL, '2024-12-29 18:51:29', b'0');
INSERT INTO `sys_user` VALUES (92, 'kkk', '$2a$10$xjM4o0xnA3Sw3Fp1ra98nuGT9rujdVmQuap5P3DNE9qKlffcwNb3O', 'kkk333', '3@qq.com', '13613968456', NULL, NULL, 0, NULL, NULL, NULL, 'admin', '2024-12-30 13:40:14', NULL, '2024-12-30 13:40:14', b'1');

-- ----------------------------
-- Table structure for sys_user_role
-- ----------------------------
DROP TABLE IF EXISTS `sys_user_role`;
CREATE TABLE `sys_user_role`  (
  `user_id` bigint NOT NULL COMMENT '用户id',
  `role_id` bigint NOT NULL COMMENT '角色id'
) ENGINE = InnoDB CHARACTER SET = utf8mb4 COLLATE = utf8mb4_0900_ai_ci COMMENT = '用户和角色关联关系表' ROW_FORMAT = Dynamic;

-- ----------------------------
-- Records of sys_user_role
-- ----------------------------
INSERT INTO `sys_user_role` VALUES (67, 24);
INSERT INTO `sys_user_role` VALUES (85, 24);

-- ----------------------------
-- Table structure for sys_user_setting
-- ----------------------------
DROP TABLE IF EXISTS `sys_user_setting`;
CREATE TABLE `sys_user_setting`  (
  `setting_id` bigint NOT NULL AUTO_INCREMENT COMMENT '界面设置ID',
  `user_id` bigint NOT NULL COMMENT '用户ID',
  `theme` tinyint(1) NULL DEFAULT NULL COMMENT '界面主题(0浅色,1深色,3系统)',
  `theme_color` varchar(255) CHARACTER SET utf8mb4 COLLATE utf8mb4_bin NULL DEFAULT NULL COMMENT '界面主题颜色',
  `navigation_bar` bit(1) NULL DEFAULT NULL COMMENT '导航栏',
  `tabs` bit(1) NULL DEFAULT NULL COMMENT '多页签',
  `tabs_icon` bit(1) NULL DEFAULT NULL COMMENT '多页签图标',
  `breadcrumb` bit(1) NULL DEFAULT NULL COMMENT '面包屑',
  `menu` bit(1) NULL DEFAULT NULL COMMENT '菜单栏',
  `copyright` bit(1) NULL DEFAULT NULL COMMENT '版权内容(0隐藏,1不隐藏)',
  `watermark` bit(1) NULL DEFAULT NULL COMMENT '用户水印',
  `weak_color` bit(1) NULL DEFAULT NULL COMMENT '弱色模式',
  `grayscale` bit(1) NULL DEFAULT NULL COMMENT '黑白模式',
  `blur` bit(1) NULL DEFAULT NULL COMMENT '高斯模式',
  `contrast` bit(1) NULL DEFAULT NULL COMMENT '对比度',
  `hue_rotate` bit(1) NULL DEFAULT NULL COMMENT '色相旋转',
  `saturate` bit(1) NULL DEFAULT NULL COMMENT '饱和度',
  `data_loading` bit(1) NULL DEFAULT NULL COMMENT '数据加载动画',
  `size` int NULL DEFAULT NULL COMMENT '表格默认页数',
  `remark` varchar(500) CHARACTER SET utf8mb4 COLLATE utf8mb4_bin NULL DEFAULT NULL COMMENT '备注',
  `creator` varchar(64) CHARACTER SET utf8mb4 COLLATE utf8mb4_bin NULL DEFAULT NULL COMMENT '创建人',
  `create_time` datetime NULL DEFAULT NULL COMMENT '创建时间',
  `updater` varchar(64) CHARACTER SET utf8mb4 COLLATE utf8mb4_bin NULL DEFAULT NULL COMMENT '更新人',
  `update_time` datetime NULL DEFAULT NULL COMMENT '更新时间',
  `deleted` bit(1) NULL DEFAULT b'0' COMMENT '是否被删除: 0是未删除, 1是已删除',
  PRIMARY KEY (`setting_id`) USING BTREE
) ENGINE = InnoDB AUTO_INCREMENT = 7 CHARACTER SET = utf8mb4 COLLATE = utf8mb4_bin COMMENT = '用户前端样式设置表' ROW_FORMAT = Dynamic;

-- ----------------------------
-- Records of sys_user_setting
-- ----------------------------
INSERT INTO `sys_user_setting` VALUES (1, 1, 1, '#0052D9', b'1', b'1', b'0', b'1', b'1', b'1', b'1', b'0', b'0', b'0', b'0', b'0', b'1', b'1', 10, '测试', 'admin', '2024-11-26 16:54:34', 'admin', '2025-01-01 13:50:12', b'0');
INSERT INTO `sys_user_setting` VALUES (2, 87, 0, '#2174FF', b'1', b'1', b'1', b'1', b'1', b'1', b'1', b'0', b'0', b'0', b'0', b'0', b'0', b'0', 10, NULL, 'admin', '2024-12-24 19:38:08', NULL, '2024-12-24 19:38:08', b'0');
INSERT INTO `sys_user_setting` VALUES (3, 88, 0, '#2174FF', b'1', b'1', b'1', b'1', b'1', b'1', b'1', b'0', b'0', b'0', b'0', b'0', b'0', b'0', 10, NULL, 'admin', '2024-12-29 18:12:14', NULL, '2024-12-29 18:12:14', b'0');
INSERT INTO `sys_user_setting` VALUES (4, 89, 0, '#2174FF', b'1', b'1', b'1', b'1', b'1', b'1', b'1', b'0', b'0', b'0', b'0', b'0', b'0', b'0', 10, NULL, 'admin', '2024-12-29 18:46:53', NULL, '2024-12-29 18:46:53', b'0');
INSERT INTO `sys_user_setting` VALUES (5, 90, 0, '#2174FF', b'1', b'1', b'1', b'1', b'1', b'1', b'1', b'0', b'0', b'0', b'0', b'0', b'0', b'0', 10, NULL, 'admin', '2024-12-29 18:48:49', NULL, '2024-12-29 18:48:49', b'0');
INSERT INTO `sys_user_setting` VALUES (6, 91, 0, '#2174FF', b'1', b'1', b'1', b'1', b'1', b'1', b'1', b'0', b'0', b'0', b'0', b'0', b'0', b'0', 10, NULL, 'admin', '2024-12-29 18:51:29', NULL, '2024-12-29 18:51:29', b'0');
INSERT INTO `sys_user_setting` VALUES (7, 92, 0, '#2174FF', b'1', b'1', b'1', b'1', b'1', b'1', b'1', b'0', b'0', b'0', b'0', b'0', b'0', b'0', 10, NULL, 'admin', '2024-12-30 13:40:14', NULL, '2024-12-30 13:40:14', b'0');

-- ----------------------------
-- Table structure for tx_vips
-- ----------------------------
DROP TABLE IF EXISTS `tx_vips`;
CREATE TABLE `tx_vips`  (
  `vip_id` bigint NOT NULL AUTO_INCREMENT COMMENT '会员id',
  `xy_name` varchar(255) CHARACTER SET utf8mb4 COLLATE utf8mb4_bin NULL DEFAULT NULL COMMENT '咸鱼名称',
  `starting time` datetime NULL DEFAULT NULL COMMENT '起始时间',
  `stoping_time` datetime NULL DEFAULT NULL COMMENT '结束时间',
  `purchase_days` varchar(255) CHARACTER SET utf8mb4 COLLATE utf8mb4_bin NULL DEFAULT NULL COMMENT '开通天数',
  `unit_type` varchar(255) CHARACTER SET utf8mb4 COLLATE utf8mb4_bin NULL DEFAULT NULL COMMENT '设备名称',
  `status` bit(1) NULL DEFAULT NULL COMMENT '状态(0在用，1下线)',
  `login_method` varchar(255) CHARACTER SET utf8mb4 COLLATE utf8mb4_bin NULL DEFAULT NULL COMMENT '登录方式（QQ或微信）',
  `login_account` varchar(255) CHARACTER SET utf8mb4 COLLATE utf8mb4_bin NULL DEFAULT NULL COMMENT '登录账号',
  PRIMARY KEY (`vip_id`) USING BTREE
) ENGINE = InnoDB AUTO_INCREMENT = 22 CHARACTER SET = utf8mb4 COLLATE = utf8mb4_bin ROW_FORMAT = Dynamic;

-- ----------------------------
-- Records of tx_vips
-- ----------------------------
INSERT INTO `tx_vips` VALUES (1, 'x***8', '2024-06-10 10:21:39', '2024-06-11 10:21:39', '1', 'MRR-W29', b'1', 'QQ', '202252197');
INSERT INTO `tx_vips` VALUES (2, '小兑、', '2024-06-10 10:52:08', '2024-06-17 10:52:08', '7', 'iPad Air2', b'0', 'QQ', '202252197');
INSERT INTO `tx_vips` VALUES (3, 'MK_MK_', '2024-06-10 11:23:57', '2024-06-11 11:23:57', '1', 'Ipad 8th Gen', b'1', 'QQ', '202252197');
INSERT INTO `tx_vips` VALUES (4, '子车氏族', '2024-06-10 13:07:14', '2024-06-11 13:07:14', '1', 'E392G', b'1', '微信', 'LVSHIHAO66');
INSERT INTO `tx_vips` VALUES (5, 'Bonnie', '2024-06-10 14:59:02', '2024-06-11 14:59:02', '1', '2201123C', b'1', 'QQ', '3306208396');
INSERT INTO `tx_vips` VALUES (6, '李信扒拉扒拉', '2024-06-10 16:06:09', '2024-06-17 16:06:09', '7', 'ASK-AL00x', b'0', 'QQ', '3306208396');
INSERT INTO `tx_vips` VALUES (7, '阿华哦嗷', '2024-06-10 17:24:47', '2024-06-11 17:24:47', '1', 'iPad 1G', b'1', '微信', 'LVSHIHAO66');
INSERT INTO `tx_vips` VALUES (8, 'SyoKun', '2024-06-10 18:17:07', '2024-06-11 18:17:07', '1', '小米 MiTV-ASTP0', b'1', '微信', 'LVSHIHAO66');
INSERT INTO `tx_vips` VALUES (9, 'x***0', '2024-06-10 18:06:00', '2024-06-11 18:06:44', '1', '23013RK75C', b'1', 'QQ', '3306208396');
INSERT INTO `tx_vips` VALUES (10, '寻找一片五叶草', '2024-06-11 05:36:26', '2024-06-12 05:36:26', '1', 'PC客户端2', b'0', 'QQ', '3650125341');
INSERT INTO `tx_vips` VALUES (11, '30412281', '2024-06-11 11:03:45', '2024-06-12 11:03:53', '1', '长虹848_Q6K', b'1', 'QQ', '202252197');
INSERT INTO `tx_vips` VALUES (12, '吹又生生', '2024-06-11 11:24:42', '2024-06-12 11:24:50', '1', '22041211AC', b'1', 'QQ', '202252197');
INSERT INTO `tx_vips` VALUES (13, '泠泠雾_', '2024-06-11 13:17:38', '2024-06-12 13:17:42', '1', '网页端设备', b'1', 'QQ', '3650125341');
INSERT INTO `tx_vips` VALUES (14, 'zzzzbyh', '2024-06-11 15:32:53', '2024-06-12 15:32:01', '1', 'PC客户端1', b'1', 'QQ', '3650125341');
INSERT INTO `tx_vips` VALUES (15, '爱吃黑叶荔枝的吉吉', '2024-06-11 14:46:28', '2024-06-12 14:46:36', '1', 'iphome 14', b'0', 'QQ', '3650125341');
INSERT INTO `tx_vips` VALUES (16, '玖月空晴', '2024-06-11 22:18:16', '2024-06-12 22:18:45', '1', NULL, b'0', NULL, NULL);
INSERT INTO `tx_vips` VALUES (17, 'x***8', '2024-06-12 10:04:14', '2024-06-13 10:04:21', '1', 'PC客户端', b'1', '微信', 'LVSHIHAO66');
INSERT INTO `tx_vips` VALUES (18, 'Yolanda', '2024-06-12 12:29:02', '2024-06-19 12:29:05', '7', 'V2279A', b'0', 'QQ', '202252197');
INSERT INTO `tx_vips` VALUES (19, 'piconico', '2024-06-12 11:29:02', '2024-06-13 11:29:37', '1', '乐视X4-50', b'1', '微信', 'LVSHIHAO66');
INSERT INTO `tx_vips` VALUES (20, '琥珀色的九华', '2024-06-12 10:31:47', '2024-07-12 10:31:57', '30', '创维G6B', b'0', 'QQ', '202252197');
INSERT INTO `tx_vips` VALUES (21, '我是凯峰', '2024-06-12 12:47:10', '2024-06-13 12:37:36', '1', NULL, b'1', NULL, NULL);
INSERT INTO `tx_vips` VALUES (22, '三天皇帝YA', '2024-06-13 21:48:06', '2024-06-15 21:48:20', '2', 'Ipad 9th Gen', b'0', '微信', 'LVSHIHAO66');

SET FOREIGN_KEY_CHECKS = 1;
